要素ID	項目名	コンテキストID	相対年度	連結・個別	期間・時点	ユニットID	単位	値
jpcrp_cor:NetSalesSummaryOfBusinessResults	売上高、経営指標等	Prior4YearDuration	四期前	その他	期間	JPY	円	25450906000
jpcrp_cor:NetSalesSummaryOfBusinessResults	売上高、経営指標等	Prior3YearDuration	三期前	その他	期間	JPY	円	27912629000
jpcrp_cor:NetSalesSummaryOfBusinessResults	売上高、経営指標等	Prior2YearDuration	前々期	その他	期間	JPY	円	28432818000
jpcrp_cor:NetSalesSummaryOfBusinessResults	売上高、経営指標等	Prior1YearDuration	前期	その他	期間	JPY	円	26896914000
jpcrp_cor:NetSalesSummaryOfBusinessResults	売上高、経営指標等	CurrentYearDuration	当期	その他	期間	JPY	円	22280945000
jpcrp_cor:OrdinaryIncomeLossSummaryOfBusinessResults	経常利益又は経常損失（△）、経営指標等	Prior4YearDuration	四期前	その他	期間	JPY	円	3348298000
jpcrp_cor:OrdinaryIncomeLossSummaryOfBusinessResults	経常利益又は経常損失（△）、経営指標等	Prior3YearDuration	三期前	その他	期間	JPY	円	3710428000
jpcrp_cor:OrdinaryIncomeLossSummaryOfBusinessResults	経常利益又は経常損失（△）、経営指標等	Prior2YearDuration	前々期	その他	期間	JPY	円	3506967000
jpcrp_cor:OrdinaryIncomeLossSummaryOfBusinessResults	経常利益又は経常損失（△）、経営指標等	Prior1YearDuration	前期	その他	期間	JPY	円	2933230000
jpcrp_cor:OrdinaryIncomeLossSummaryOfBusinessResults	経常利益又は経常損失（△）、経営指標等	CurrentYearDuration	当期	その他	期間	JPY	円	1622493000
jpcrp_cor:ProfitLossAttributableToOwnersOfParentSummaryOfBusinessResults	親会社株主に帰属する当期純利益又は親会社株主に帰属する当期純損失（△）、経営指標等	Prior4YearDuration	四期前	その他	期間	JPY	円	2129256000
jpcrp_cor:ProfitLossAttributableToOwnersOfParentSummaryOfBusinessResults	親会社株主に帰属する当期純利益又は親会社株主に帰属する当期純損失（△）、経営指標等	Prior3YearDuration	三期前	その他	期間	JPY	円	2689807000
jpcrp_cor:ProfitLossAttributableToOwnersOfParentSummaryOfBusinessResults	親会社株主に帰属する当期純利益又は親会社株主に帰属する当期純損失（△）、経営指標等	Prior2YearDuration	前々期	その他	期間	JPY	円	2472004000
jpcrp_cor:ProfitLossAttributableToOwnersOfParentSummaryOfBusinessResults	親会社株主に帰属する当期純利益又は親会社株主に帰属する当期純損失（△）、経営指標等	Prior1YearDuration	前期	その他	期間	JPY	円	1971585000
jpcrp_cor:ProfitLossAttributableToOwnersOfParentSummaryOfBusinessResults	親会社株主に帰属する当期純利益又は親会社株主に帰属する当期純損失（△）、経営指標等	CurrentYearDuration	当期	その他	期間	JPY	円	1608632000
jpcrp_cor:BasicEarningsLossPerShareSummaryOfBusinessResults	１株当たり当期純利益又は当期純損失（△）、経営指標等	Prior4YearDuration	四期前	その他	期間	JPYPerShares		79.53
jpcrp_cor:BasicEarningsLossPerShareSummaryOfBusinessResults	１株当たり当期純利益又は当期純損失（△）、経営指標等	Prior3YearDuration	三期前	その他	期間	JPYPerShares		100.45
jpcrp_cor:BasicEarningsLossPerShareSummaryOfBusinessResults	１株当たり当期純利益又は当期純損失（△）、経営指標等	Prior2YearDuration	前々期	その他	期間	JPYPerShares		92.31
jpcrp_cor:BasicEarningsLossPerShareSummaryOfBusinessResults	１株当たり当期純利益又は当期純損失（△）、経営指標等	Prior1YearDuration	前期	その他	期間	JPYPerShares		73.59
jpcrp_cor:BasicEarningsLossPerShareSummaryOfBusinessResults	１株当たり当期純利益又は当期純損失（△）、経営指標等	CurrentYearDuration	当期	その他	期間	JPYPerShares		60.03
jpcrp_cor:DilutedEarningsPerShareSummaryOfBusinessResults	潜在株式調整後１株当たり当期純利益、経営指標等	Prior4YearDuration	四期前	その他	期間	JPYPerShares		79.46
jpcrp_cor:DilutedEarningsPerShareSummaryOfBusinessResults	潜在株式調整後１株当たり当期純利益、経営指標等	Prior3YearDuration	三期前	その他	期間	JPYPerShares		100.29
jpcrp_cor:DilutedEarningsPerShareSummaryOfBusinessResults	潜在株式調整後１株当たり当期純利益、経営指標等	Prior2YearDuration	前々期	その他	期間	JPYPerShares		92.13
jpcrp_cor:DilutedEarningsPerShareSummaryOfBusinessResults	潜在株式調整後１株当たり当期純利益、経営指標等	Prior1YearDuration	前期	その他	期間	JPYPerShares		73.45
jpcrp_cor:DilutedEarningsPerShareSummaryOfBusinessResults	潜在株式調整後１株当たり当期純利益、経営指標等	CurrentYearDuration	当期	その他	期間	JPYPerShares		59.90
jpcrp_cor:NumberOfEmployees	従業員数	Prior4YearInstant	四期前時点	その他	時点	pure		1034
jpcrp_cor:NumberOfEmployees	従業員数	Prior3YearInstant	三期前時点	その他	時点	pure		1089
jpcrp_cor:NumberOfEmployees	従業員数	Prior2YearInstant	前々期末	その他	時点	pure		1065
jpcrp_cor:NumberOfEmployees	従業員数	Prior1YearInstant	前期末	その他	時点	pure		1064
jpcrp_cor:NumberOfEmployees	従業員数	CurrentYearInstant	当期末	その他	時点	pure		1056
jpcrp_cor:NetSalesSummaryOfBusinessResults	売上高、経営指標等	Prior4YearDuration_NonConsolidatedMember	四期前	その他	期間	JPY	円	16018185000
jpcrp_cor:NetSalesSummaryOfBusinessResults	売上高、経営指標等	Prior3YearDuration_NonConsolidatedMember	三期前	その他	期間	JPY	円	17546669000
jpcrp_cor:NetSalesSummaryOfBusinessResults	売上高、経営指標等	Prior2YearDuration_NonConsolidatedMember	前々期	その他	期間	JPY	円	19434030000
jpcrp_cor:NetSalesSummaryOfBusinessResults	売上高、経営指標等	Prior1YearDuration_NonConsolidatedMember	前期	その他	期間	JPY	円	18358483000
jpcrp_cor:NetSalesSummaryOfBusinessResults	売上高、経営指標等	CurrentYearDuration_NonConsolidatedMember	当期	その他	期間	JPY	円	14023643000
jpcrp_cor:OrdinaryIncomeLossSummaryOfBusinessResults	経常利益又は経常損失（△）、経営指標等	Prior4YearDuration_NonConsolidatedMember	四期前	その他	期間	JPY	円	2109361000
jpcrp_cor:OrdinaryIncomeLossSummaryOfBusinessResults	経常利益又は経常損失（△）、経営指標等	Prior3YearDuration_NonConsolidatedMember	三期前	その他	期間	JPY	円	2881535000
jpcrp_cor:OrdinaryIncomeLossSummaryOfBusinessResults	経常利益又は経常損失（△）、経営指標等	Prior2YearDuration_NonConsolidatedMember	前々期	その他	期間	JPY	円	3376195000
jpcrp_cor:OrdinaryIncomeLossSummaryOfBusinessResults	経常利益又は経常損失（△）、経営指標等	Prior1YearDuration_NonConsolidatedMember	前期	その他	期間	JPY	円	2356839000
jpcrp_cor:OrdinaryIncomeLossSummaryOfBusinessResults	経常利益又は経常損失（△）、経営指標等	CurrentYearDuration_NonConsolidatedMember	当期	その他	期間	JPY	円	1334970000
jpcrp_cor:NetIncomeLossSummaryOfBusinessResults	当期純利益又は当期純損失（△）、経営指標等	Prior4YearDuration_NonConsolidatedMember	四期前	その他	期間	JPY	円	1344210000
jpcrp_cor:NetIncomeLossSummaryOfBusinessResults	当期純利益又は当期純損失（△）、経営指標等	Prior3YearDuration_NonConsolidatedMember	三期前	その他	期間	JPY	円	2136990000
jpcrp_cor:NetIncomeLossSummaryOfBusinessResults	当期純利益又は当期純損失（△）、経営指標等	Prior2YearDuration_NonConsolidatedMember	前々期	その他	期間	JPY	円	2539022000
jpcrp_cor:NetIncomeLossSummaryOfBusinessResults	当期純利益又は当期純損失（△）、経営指標等	Prior1YearDuration_NonConsolidatedMember	前期	その他	期間	JPY	円	1611628000
jpcrp_cor:NetIncomeLossSummaryOfBusinessResults	当期純利益又は当期純損失（△）、経営指標等	CurrentYearDuration_NonConsolidatedMember	当期	その他	期間	JPY	円	1684743000
jpcrp_cor:CapitalStockSummaryOfBusinessResults	資本金、経営指標等	Prior4YearInstant_NonConsolidatedMember	四期前時点	その他	時点	JPY	円	7351750000
jpcrp_cor:CapitalStockSummaryOfBusinessResults	資本金、経営指標等	Prior3YearInstant_NonConsolidatedMember	三期前時点	その他	時点	JPY	円	7351750000
jpcrp_cor:CapitalStockSummaryOfBusinessResults	資本金、経営指標等	Prior2YearInstant_NonConsolidatedMember	前々期末	その他	時点	JPY	円	7351750000
jpcrp_cor:CapitalStockSummaryOfBusinessResults	資本金、経営指標等	Prior1YearInstant_NonConsolidatedMember	前期末	その他	時点	JPY	円	7351750000
jpcrp_cor:CapitalStockSummaryOfBusinessResults	資本金、経営指標等	CurrentYearInstant_NonConsolidatedMember	当期末	その他	時点	JPY	円	7351750000
jpcrp_cor:BasicEarningsLossPerShareSummaryOfBusinessResults	１株当たり当期純利益又は当期純損失（△）、経営指標等	Prior4YearDuration_NonConsolidatedMember	四期前	その他	期間	JPYPerShares		50.21
jpcrp_cor:BasicEarningsLossPerShareSummaryOfBusinessResults	１株当たり当期純利益又は当期純損失（△）、経営指標等	Prior3YearDuration_NonConsolidatedMember	三期前	その他	期間	JPYPerShares		79.81
jpcrp_cor:BasicEarningsLossPerShareSummaryOfBusinessResults	１株当たり当期純利益又は当期純損失（△）、経営指標等	Prior2YearDuration_NonConsolidatedMember	前々期	その他	期間	JPYPerShares		94.82
jpcrp_cor:BasicEarningsLossPerShareSummaryOfBusinessResults	１株当たり当期純利益又は当期純損失（△）、経営指標等	Prior1YearDuration_NonConsolidatedMember	前期	その他	期間	JPYPerShares		60.15
jpcrp_cor:BasicEarningsLossPerShareSummaryOfBusinessResults	１株当たり当期純利益又は当期純損失（△）、経営指標等	CurrentYearDuration_NonConsolidatedMember	当期	その他	期間	JPYPerShares		62.87
jpcrp_cor:DilutedEarningsPerShareSummaryOfBusinessResults	潜在株式調整後１株当たり当期純利益、経営指標等	Prior4YearDuration_NonConsolidatedMember	四期前	その他	期間	JPYPerShares		50.16
jpcrp_cor:DilutedEarningsPerShareSummaryOfBusinessResults	潜在株式調整後１株当たり当期純利益、経営指標等	Prior3YearDuration_NonConsolidatedMember	三期前	その他	期間	JPYPerShares		79.68
jpcrp_cor:DilutedEarningsPerShareSummaryOfBusinessResults	潜在株式調整後１株当たり当期純利益、経営指標等	Prior2YearDuration_NonConsolidatedMember	前々期	その他	期間	JPYPerShares		94.63
jpcrp_cor:DilutedEarningsPerShareSummaryOfBusinessResults	潜在株式調整後１株当たり当期純利益、経営指標等	Prior1YearDuration_NonConsolidatedMember	前期	その他	期間	JPYPerShares		60.04
jpcrp_cor:DilutedEarningsPerShareSummaryOfBusinessResults	潜在株式調整後１株当たり当期純利益、経営指標等	CurrentYearDuration_NonConsolidatedMember	当期	その他	期間	JPYPerShares		62.73
jpcrp_cor:NumberOfEmployees	従業員数	Prior4YearInstant_NonConsolidatedMember	四期前時点	その他	時点	pure		681
jpcrp_cor:NumberOfEmployees	従業員数	Prior3YearInstant_NonConsolidatedMember	三期前時点	その他	時点	pure		701
jpcrp_cor:NumberOfEmployees	従業員数	Prior2YearInstant_NonConsolidatedMember	前々期末	その他	時点	pure		708
jpcrp_cor:NumberOfEmployees	従業員数	Prior1YearInstant_NonConsolidatedMember	前期末	その他	時点	pure		704
jpcrp_cor:NumberOfEmployees	従業員数	CurrentYearInstant_NonConsolidatedMember	当期末	その他	時点	pure		684
jpcrp_cor:NumberOfEmployees	従業員数	CurrentYearInstant_jpcrp030000-asr_E01670-000JapanFoodProcessingMachineryManufacturingAndSalesMember	当期末	その他	時点	pure		643
jpcrp_cor:NumberOfEmployees	従業員数	CurrentYearInstant_jpcrp030000-asr_E01670-000NorthAndSouthAmericaFoodProcessingMachineryManufacturingAndSalesMember	当期末	その他	時点	pure		27
jpcrp_cor:NumberOfEmployees	従業員数	CurrentYearInstant_jpcrp030000-asr_E01670-000EuropeFoodProcessingMachineryManufacturingAndSalesMember	当期末	その他	時点	pure		44
jpcrp_cor:NumberOfEmployees	従業員数	CurrentYearInstant_jpcrp030000-asr_E01670-000AsiaFoodProcessingMachineryManufacturingAndSalesMember	当期末	その他	時点	pure		4
jpcrp_cor:NumberOfEmployees	従業員数	CurrentYearInstant_jpcrp030000-asr_E01670-000FoodProcessingMachineryManufacturingAndSalesMember	当期末	その他	時点	pure		718
jpcrp_cor:NumberOfEmployees	従業員数	CurrentYearInstant_jpcrp030000-asr_E01670-000NorthAndSouthAmericaGroceryManufacturingAndSalesMember	当期末	その他	時点	pure		229
jpcrp_cor:NumberOfEmployees	従業員数	CurrentYearInstant_jpcrp030000-asr_E01670-000JapanGroceryManufacturingAndSalesMember	当期末	その他	時点	pure		58
jpcrp_cor:NumberOfEmployees	従業員数	CurrentYearInstant_jpcrp030000-asr_E01670-000GroceryManufacturingAndSalesMember	当期末	その他	時点	pure		287
jpcrp_cor:NumberOfEmployees	従業員数	CurrentYearInstant_CorporateSharedMember	当期末	その他	時点	pure		51
jpcrp_cor:NumberOfEmployees	従業員数	CurrentYearInstant	当期末	その他	時点	pure		1056
jpcrp_cor:AverageAgeYearsInformationAboutReportingCompanyInformationAboutEmployees	平均年齢（年）、提出会社の状況、従業員の状況	CurrentYearInstant_NonConsolidatedMember	当期末	その他	時点	pure		46.1
jpcrp_cor:AverageLengthOfServiceYearsInformationAboutReportingCompanyInformationAboutEmployees	平均勤続年数（年）、提出会社の状況、従業員の状況	CurrentYearInstant_NonConsolidatedMember	当期末	その他	時点	pure		22.9
jpcrp_cor:AverageAnnualSalaryInformationAboutReportingCompanyInformationAboutEmployees	平均年間給与、提出会社の状況、従業員の状況	CurrentYearInstant_NonConsolidatedMember	当期末	その他	時点	JPY	円	6480603
jpcrp_cor:NumberOfEmployees	従業員数	CurrentYearInstant_NonConsolidatedMember_jpcrp030000-asr_E01670-000JapanFoodProcessingMachineryManufacturingAndSalesMember	当期末	その他	時点	pure		630
jpcrp_cor:NumberOfEmployees	従業員数	CurrentYearInstant_NonConsolidatedMember_CorporateSharedMember	当期末	その他	時点	pure		51
jpcrp_cor:ResearchAndDevelopmentExpensesResearchAndDevelopmentActivities	研究開発費、研究開発活動	CurrentYearDuration	当期	その他	期間	JPY	円	545000000
jpcrp_cor:CapitalExpendituresOverviewOfCapitalExpendituresEtc	設備投資額、設備投資等の概要	CurrentYearDuration	当期	その他	期間	JPY	円	4343000000
jpcrp_cor:NumberOfSharesHeldNumberOfUnitsNationalAndLocalGovernments	所有株式数（単元）－政府及び地方公共団体	CurrentYearInstant_OrdinaryShareMember	当期末	その他	時点	pure		－
jpcrp_cor:NumberOfSharesHeldNumberOfUnitsFinancialInstitutions	所有株式数（単元）－金融機関	CurrentYearInstant_OrdinaryShareMember	当期末	その他	時点	pure		83663
jpcrp_cor:NumberOfSharesHeldNumberOfUnitsFinancialServiceProviders	所有株式数（単元）－金融商品取引業者	CurrentYearInstant_OrdinaryShareMember	当期末	その他	時点	pure		1840
jpcrp_cor:NumberOfSharesHeldNumberOfUnitsOtherCorporations	所有株式数（単元）－その他の法人	CurrentYearInstant_OrdinaryShareMember	当期末	その他	時点	pure		57951
jpcrp_cor:NumberOfSharesHeldNumberOfUnitsForeignInvestorsOtherThanIndividuals	所有株式数（単元）－外国法人等－個人以外	CurrentYearInstant_OrdinaryShareMember	当期末	その他	時点	pure		50621
jpcrp_cor:NumberOfSharesHeldNumberOfUnitsForeignIndividualInvestors	所有株式数（単元）－外国法人等－個人	CurrentYearInstant_OrdinaryShareMember	当期末	その他	時点	pure		11
jpcrp_cor:NumberOfSharesHeldNumberOfUnitsIndividualsAndOthers	所有株式数（単元）－個人その他	CurrentYearInstant_OrdinaryShareMember	当期末	その他	時点	pure		89473
jpcrp_cor:NumberOfSharesHeldNumberOfUnitsTotal	所有株式数（単元）－計	CurrentYearInstant_OrdinaryShareMember	当期末	その他	時点	pure		283559
jpcrp_cor:NumberOfSharesHeldSharesLessThanOneUnit	所有株式数－単元未満株式の状況（株）	CurrentYearInstant_OrdinaryShareMember	当期末	その他	時点	shares		36100
jpcrp_cor:PercentageOfShareholdingsNationalAndLocalGovernments	所有株式数の割合（％）－政府及び地方公共団体	CurrentYearInstant_OrdinaryShareMember	当期末	その他	時点	pure		－
jpcrp_cor:PercentageOfShareholdingsFinancialInstitutions	所有株式数の割合（％）－金融機関	CurrentYearInstant_OrdinaryShareMember	当期末	その他	時点	pure		0.2951
jpcrp_cor:PercentageOfShareholdingsFinancialServiceProviders	所有株式数の割合（％）－金融商品取引業者	CurrentYearInstant_OrdinaryShareMember	当期末	その他	時点	pure		0.0065
jpcrp_cor:PercentageOfShareholdingsOtherCorporations	所有株式数の割合（％）－その他の法人	CurrentYearInstant_OrdinaryShareMember	当期末	その他	時点	pure		0.2044
jpcrp_cor:PercentageOfShareholdingsForeignersOtherThanIndividuals	所有株式数の割合（％）－外国法人等－個人以外	CurrentYearInstant_OrdinaryShareMember	当期末	その他	時点	pure		0.1785
jpcrp_cor:PercentageOfShareholdingsForeignIndividuals	所有株式数の割合（％）－外国法人等－個人	CurrentYearInstant_OrdinaryShareMember	当期末	その他	時点	pure		0.0000
jpcrp_cor:PercentageOfShareholdingsIndividualsAndOthers	所有株式数の割合（％）－個人その他	CurrentYearInstant_OrdinaryShareMember	当期末	その他	時点	pure		0.3155
jpcrp_cor:NumberOfSharesHeld	所有株式数	CurrentYearInstant_No1MajorShareholdersMember	当期末	その他	時点	shares		3030000
jpcrp_cor:ShareholdingRatio	発行済株式（自己株式を除く。）の総数に対する所有株式数の割合	CurrentYearInstant_No1MajorShareholdersMember	当期末	その他	時点	pure		0.113
jpcrp_cor:NumberOfSharesHeld	所有株式数	CurrentYearInstant_No2MajorShareholdersMember	当期末	その他	時点	shares		1703000
jpcrp_cor:ShareholdingRatio	発行済株式（自己株式を除く。）の総数に対する所有株式数の割合	CurrentYearInstant_No2MajorShareholdersMember	当期末	その他	時点	pure		0.064
jpcrp_cor:NumberOfSharesHeld	所有株式数	CurrentYearInstant_No3MajorShareholdersMember	当期末	その他	時点	shares		1654000
jpcrp_cor:ShareholdingRatio	発行済株式（自己株式を除く。）の総数に対する所有株式数の割合	CurrentYearInstant_No3MajorShareholdersMember	当期末	その他	時点	pure		0.062
jpcrp_cor:NumberOfSharesHeld	所有株式数	CurrentYearInstant_No4MajorShareholdersMember	当期末	その他	時点	shares		1559000
jpcrp_cor:ShareholdingRatio	発行済株式（自己株式を除く。）の総数に対する所有株式数の割合	CurrentYearInstant_No4MajorShareholdersMember	当期末	その他	時点	pure		0.058
jpcrp_cor:NumberOfSharesHeld	所有株式数	CurrentYearInstant_No5MajorShareholdersMember	当期末	その他	時点	shares		1260000
jpcrp_cor:ShareholdingRatio	発行済株式（自己株式を除く。）の総数に対する所有株式数の割合	CurrentYearInstant_No5MajorShareholdersMember	当期末	その他	時点	pure		0.047
jpcrp_cor:NumberOfSharesHeld	所有株式数	CurrentYearInstant_No6MajorShareholdersMember	当期末	その他	時点	shares		1130000
jpcrp_cor:ShareholdingRatio	発行済株式（自己株式を除く。）の総数に対する所有株式数の割合	CurrentYearInstant_No6MajorShareholdersMember	当期末	その他	時点	pure		0.042
jpcrp_cor:NumberOfSharesHeld	所有株式数	CurrentYearInstant_No7MajorShareholdersMember	当期末	その他	時点	shares		756000
jpcrp_cor:ShareholdingRatio	発行済株式（自己株式を除く。）の総数に対する所有株式数の割合	CurrentYearInstant_No7MajorShareholdersMember	当期末	その他	時点	pure		0.028
jpcrp_cor:NumberOfSharesHeld	所有株式数	CurrentYearInstant_No8MajorShareholdersMember	当期末	その他	時点	shares		683000
jpcrp_cor:ShareholdingRatio	発行済株式（自己株式を除く。）の総数に対する所有株式数の割合	CurrentYearInstant_No8MajorShareholdersMember	当期末	その他	時点	pure		0.025
jpcrp_cor:NumberOfSharesHeld	所有株式数	CurrentYearInstant_No9MajorShareholdersMember	当期末	その他	時点	shares		680000
jpcrp_cor:ShareholdingRatio	発行済株式（自己株式を除く。）の総数に対する所有株式数の割合	CurrentYearInstant_No9MajorShareholdersMember	当期末	その他	時点	pure		0.025
jpcrp_cor:NumberOfSharesHeld	所有株式数	CurrentYearInstant_No10MajorShareholdersMember	当期末	その他	時点	shares		641000
jpcrp_cor:ShareholdingRatio	発行済株式（自己株式を除く。）の総数に対する所有株式数の割合	CurrentYearInstant_No10MajorShareholdersMember	当期末	その他	時点	pure		0.024
jpcrp_cor:NumberOfSharesHeld	所有株式数	CurrentYearInstant	当期末	その他	時点	shares		13101000
jpcrp_cor:ShareholdingRatio	発行済株式（自己株式を除く。）の総数に対する所有株式数の割合	CurrentYearInstant	当期末	その他	時点	pure		0.489
jpcrp_cor:NumberOfSharesHeldInOwnNameTreasurySharesEtc	自己名義所有株式数（株）、自己株式等	CurrentYearInstant_Row1Member	当期末	その他	時点	shares		1593600
jpcrp_cor:NumberOfSharesHeldInOthersNamesTreasurySharesEtc	他人名義所有株式数（株）、自己株式等	CurrentYearInstant_Row1Member	当期末	その他	時点	shares		－
jpcrp_cor:TotalNumberOfSharesHeldTreasurySharesEtc	所有株式数の合計（株）、自己株式等	CurrentYearInstant_Row1Member	当期末	その他	時点	shares		1593600
jpcrp_cor:ShareholdingRatioTreasurySharesEtc	発行済株式総数に対する所有株式数の割合（％）、自己株式等	CurrentYearInstant_Row1Member	当期末	その他	時点	pure		0.0561
jpcrp_cor:NumberOfSharesHeldInOwnNameTreasurySharesEtc	自己名義所有株式数（株）、自己株式等	CurrentYearInstant	当期末	その他	時点	shares		1593600
jpcrp_cor:NumberOfSharesHeldInOthersNamesTreasurySharesEtc	他人名義所有株式数（株）、自己株式等	CurrentYearInstant	当期末	その他	時点	shares		－
jpcrp_cor:TotalNumberOfSharesHeldTreasurySharesEtc	所有株式数の合計（株）、自己株式等	CurrentYearInstant	当期末	その他	時点	shares		1593600
jpcrp_cor:ShareholdingRatioTreasurySharesEtc	発行済株式総数に対する所有株式数の割合（％）、自己株式等	CurrentYearInstant	当期末	その他	時点	pure		0.0561
jpcrp_cor:NumberOfSharesHeldOrdinarySharesInformationAboutDirectorsAndCorporateAuditors	所有株式数（普通株式）、役員の状況（取締役（及び監査役））	FilingDateInstant_jpcrp030000-asr_E01670-000TashiroYasunoriMember	提出日時点	その他	時点	shares		128900
jpcrp_cor:NumberOfSharesHeldOrdinarySharesInformationAboutDirectorsAndCorporateAuditors	所有株式数（普通株式）、役員の状況（取締役（及び監査役））	FilingDateInstant_jpcrp030000-asr_E01670-000KobayashiMikioMember	提出日時点	その他	時点	shares		24500
jpcrp_cor:NumberOfSharesHeldOrdinarySharesInformationAboutDirectorsAndCorporateAuditors	所有株式数（普通株式）、役員の状況（取締役（及び監査役））	FilingDateInstant_jpcrp030000-asr_E01670-000KanekoTamotsuMember	提出日時点	その他	時点	shares		5100
jpcrp_cor:NumberOfSharesHeldOrdinarySharesInformationAboutDirectorsAndCorporateAuditors	所有株式数（普通株式）、役員の状況（取締役（及び監査役））	FilingDateInstant_jpcrp030000-asr_E01670-000OnukiKazushigeMember	提出日時点	その他	時点	shares		3400
jpcrp_cor:NumberOfSharesHeldOrdinarySharesInformationAboutDirectorsAndCorporateAuditors	所有株式数（普通株式）、役員の状況（取締役（及び監査役））	FilingDateInstant_jpcrp030000-asr_E01670-000HiraharaKoMember	提出日時点	その他	時点	shares		1200
jpcrp_cor:NumberOfSharesHeldOrdinarySharesInformationAboutDirectorsAndCorporateAuditors	所有株式数（普通株式）、役員の状況（取締役（及び監査役））	FilingDateInstant_jpcrp030000-asr_E01670-000YokoyamaKaoruMember	提出日時点	その他	時点	shares		500
jpcrp_cor:NumberOfSharesHeldOrdinarySharesInformationAboutDirectorsAndCorporateAuditors	所有株式数（普通株式）、役員の状況（取締役（及び監査役））	FilingDateInstant_jpcrp030000-asr_E01670-000MiyaokaTadashiMember	提出日時点	その他	時点	shares		5400
jpcrp_cor:NumberOfSharesHeldOrdinarySharesInformationAboutDirectorsAndCorporateAuditors	所有株式数（普通株式）、役員の状況（取締役（及び監査役））	FilingDateInstant_jpcrp030000-asr_E01670-000HirabayashiRyokoMember	提出日時点	その他	時点	shares		400
jpcrp_cor:NumberOfSharesHeldOrdinarySharesInformationAboutDirectorsAndCorporateAuditors	所有株式数（普通株式）、役員の状況（取締役（及び監査役））	FilingDateInstant_jpcrp030000-asr_E01670-000YokoyamaFujioMember	提出日時点	その他	時点	shares		－
jpcrp_cor:NumberOfSharesHeldOrdinarySharesInformationAboutDirectorsAndCorporateAuditors	所有株式数（普通株式）、役員の状況（取締役（及び監査役））	FilingDateInstant	提出日時点	その他	時点	shares		169400
jppfs_cor:RawMaterialsAndSupplies	原材料及び貯蔵品	Prior1YearInstant	前期末	連結	時点	JPY	円	770541000
jppfs_cor:RawMaterialsAndSupplies	原材料及び貯蔵品	CurrentYearInstant	当期末	連結	時点	JPY	円	328369000
jppfs_cor:AccumulatedDepreciationBuildingsAndStructures	減価償却累計額、建物及び構築物	Prior1YearInstant	前期末	連結	時点	JPY	円	-8496348000
jppfs_cor:AccumulatedDepreciationBuildingsAndStructures	減価償却累計額、建物及び構築物	CurrentYearInstant	当期末	連結	時点	JPY	円	-7737700000
jppfs_cor:AccumulatedDepreciationMachineryEquipmentAndVehicles	減価償却累計額、機械装置及び運搬具	Prior1YearInstant	前期末	連結	時点	JPY	円	-6005935000
jppfs_cor:AccumulatedDepreciationMachineryEquipmentAndVehicles	減価償却累計額、機械装置及び運搬具	CurrentYearInstant	当期末	連結	時点	JPY	円	-6380314000
jppfs_cor:AccumulatedDepreciationToolsFurnitureAndFixtures	減価償却累計額、工具、器具及び備品	Prior1YearInstant	前期末	連結	時点	JPY	円	-1811016000
jppfs_cor:AccumulatedDepreciationToolsFurnitureAndFixtures	減価償却累計額、工具、器具及び備品	CurrentYearInstant	当期末	連結	時点	JPY	円	-1728089000
jppfs_cor:LeaseAssetsPPE	リース資産、有形固定資産	Prior1YearInstant	前期末	連結	時点	JPY	円	45286000
jppfs_cor:LeaseAssetsPPE	リース資産、有形固定資産	CurrentYearInstant	当期末	連結	時点	JPY	円	45286000
jppfs_cor:AccumulatedDepreciationLeaseAssetsPPE	減価償却累計額、リース資産、有形固定資産	Prior1YearInstant	前期末	連結	時点	JPY	円	-35620000
jppfs_cor:AccumulatedDepreciationLeaseAssetsPPE	減価償却累計額、リース資産、有形固定資産	CurrentYearInstant	当期末	連結	時点	JPY	円	-42045000
jppfs_cor:LeaseAssetsNetPPE	リース資産（純額）、有形固定資産	Prior1YearInstant	前期末	連結	時点	JPY	円	9665000
jppfs_cor:LeaseAssetsNetPPE	リース資産（純額）、有形固定資産	CurrentYearInstant	当期末	連結	時点	JPY	円	3241000
jppfs_cor:PropertyPlantAndEquipment	有形固定資産	Prior1YearInstant	前期末	連結	時点	JPY	円	13790345000
jppfs_cor:PropertyPlantAndEquipment	有形固定資産	CurrentYearInstant	当期末	連結	時点	JPY	円	13159594000
jppfs_cor:CapitalStock	資本金	Prior1YearInstant	前期末	連結	時点	JPY	円	7351750000
jppfs_cor:CapitalStock	資本金	CurrentYearInstant	当期末	連結	時点	JPY	円	7351750000
jppfs_cor:NetSales	売上高	Prior1YearDuration	前期	連結	期間	JPY	円	26896914000
jppfs_cor:NetSales	売上高	CurrentYearDuration	当期	連結	期間	JPY	円	22280945000
jppfs_cor:CostOfSales	売上原価	Prior1YearDuration	前期	連結	期間	JPY	円	14578429000
jppfs_cor:CostOfSales	売上原価	CurrentYearDuration	当期	連結	期間	JPY	円	12359219000
jppfs_cor:AdvertisingExpensesSGA	広告宣伝費、販売費及び一般管理費	Prior1YearDuration	前期	連結	期間	JPY	円	296307000
jppfs_cor:AdvertisingExpensesSGA	広告宣伝費、販売費及び一般管理費	CurrentYearDuration	当期	連結	期間	JPY	円	87851000
jppfs_cor:PackingAndTransportationExpensesSGA	荷造運搬費、販売費及び一般管理費	Prior1YearDuration	前期	連結	期間	JPY	円	924229000
jppfs_cor:PackingAndTransportationExpensesSGA	荷造運搬費、販売費及び一般管理費	CurrentYearDuration	当期	連結	期間	JPY	円	826963000
jppfs_cor:ProvisionOfAllowanceForDoubtfulAccountsSGA	貸倒引当金繰入額、販売費及び一般管理費	Prior1YearDuration	前期	連結	期間	JPY	円	8046000
jppfs_cor:ProvisionOfAllowanceForDoubtfulAccountsSGA	貸倒引当金繰入額、販売費及び一般管理費	CurrentYearDuration	当期	連結	期間	JPY	円	6981000
jppfs_cor:SalesCommissionSGA	販売手数料、販売費及び一般管理費	Prior1YearDuration	前期	連結	期間	JPY	円	607076000
jppfs_cor:SalesCommissionSGA	販売手数料、販売費及び一般管理費	CurrentYearDuration	当期	連結	期間	JPY	円	445436000
jppfs_cor:SalariesAndAllowancesSGA	給料及び手当、販売費及び一般管理費	Prior1YearDuration	前期	連結	期間	JPY	円	3188460000
jppfs_cor:SalariesAndAllowancesSGA	給料及び手当、販売費及び一般管理費	CurrentYearDuration	当期	連結	期間	JPY	円	3017930000
jppfs_cor:ProvisionForBonusesSGA	賞与引当金繰入額、販売費及び一般管理費	Prior1YearDuration	前期	連結	期間	JPY	円	357854000
jppfs_cor:ProvisionForBonusesSGA	賞与引当金繰入額、販売費及び一般管理費	CurrentYearDuration	当期	連結	期間	JPY	円	273294000
jppfs_cor:ProvisionForDirectorsBonusesSGA	役員賞与引当金繰入額、販売費及び一般管理費	Prior1YearDuration	前期	連結	期間	JPY	円	21700000
jppfs_cor:ProvisionForDirectorsBonusesSGA	役員賞与引当金繰入額、販売費及び一般管理費	CurrentYearDuration	当期	連結	期間	JPY	円	11600000
jppfs_cor:RetirementBenefitExpensesSGA	退職給付費用、販売費及び一般管理費	Prior1YearDuration	前期	連結	期間	JPY	円	174452000
jppfs_cor:RetirementBenefitExpensesSGA	退職給付費用、販売費及び一般管理費	CurrentYearDuration	当期	連結	期間	JPY	円	176038000
jppfs_cor:TravelingAndTransportationExpensesSGA	旅費及び交通費、販売費及び一般管理費	Prior1YearDuration	前期	連結	期間	JPY	円	460932000
jppfs_cor:TravelingAndTransportationExpensesSGA	旅費及び交通費、販売費及び一般管理費	CurrentYearDuration	当期	連結	期間	JPY	円	256959000
jppfs_cor:DepreciationSGA	減価償却費、販売費及び一般管理費	Prior1YearDuration	前期	連結	期間	JPY	円	369247000
jppfs_cor:DepreciationSGA	減価償却費、販売費及び一般管理費	CurrentYearDuration	当期	連結	期間	JPY	円	502491000
jppfs_cor:ResearchAndDevelopmentExpensesSGA	研究開発費、販売費及び一般管理費	Prior1YearDuration	前期	連結	期間	JPY	円	738327000
jppfs_cor:ResearchAndDevelopmentExpensesSGA	研究開発費、販売費及び一般管理費	CurrentYearDuration	当期	連結	期間	JPY	円	545190000
jppfs_cor:OtherSGA	その他、販売費及び一般管理費	Prior1YearDuration	前期	連結	期間	JPY	円	2284302000
jppfs_cor:OtherSGA	その他、販売費及び一般管理費	CurrentYearDuration	当期	連結	期間	JPY	円	2366897000
jppfs_cor:SellingGeneralAndAdministrativeExpenses	販売費及び一般管理費	Prior1YearDuration	前期	連結	期間	JPY	円	9430937000
jppfs_cor:SellingGeneralAndAdministrativeExpenses	販売費及び一般管理費	CurrentYearDuration	当期	連結	期間	JPY	円	8517635000
jppfs_cor:OperatingIncome	営業利益又は営業損失（△）	Prior1YearDuration	前期	連結	期間	JPY	円	2887548000
jppfs_cor:OperatingIncome	営業利益又は営業損失（△）	CurrentYearDuration	当期	連結	期間	JPY	円	1404090000
jppfs_cor:OrdinaryIncome	経常利益又は経常損失（△）	Prior1YearDuration	前期	連結	期間	JPY	円	2933230000
jppfs_cor:OrdinaryIncome	経常利益又は経常損失（△）	CurrentYearDuration	当期	連結	期間	JPY	円	1622493000
jppfs_cor:IncomeBeforeIncomeTaxes	税引前当期純利益又は税引前当期純損失（△）	Prior1YearDuration	前期	連結	期間	JPY	円	2850820000
jppfs_cor:IncomeBeforeIncomeTaxes	税引前当期純利益又は税引前当期純損失（△）	CurrentYearDuration	当期	連結	期間	JPY	円	1989782000
jppfs_cor:ProfitLoss	当期純利益又は当期純損失（△）（平成26年3月28日財規等改正後）	Prior1YearDuration	前期	連結	期間	JPY	円	1971585000
jppfs_cor:ProfitLoss	当期純利益又は当期純損失（△）（平成26年3月28日財規等改正後）	CurrentYearDuration	当期	連結	期間	JPY	円	1608632000
jppfs_cor:ProfitLossAttributableToOwnersOfParent	親会社株主に帰属する当期純利益又は親会社株主に帰属する当期純損失（△）	Prior1YearDuration	前期	連結	期間	JPY	円	1971585000
jppfs_cor:ProfitLossAttributableToOwnersOfParent	親会社株主に帰属する当期純利益又は親会社株主に帰属する当期純損失（△）	CurrentYearDuration	当期	連結	期間	JPY	円	1608632000
jppfs_cor:ProfitLoss	当期純利益又は当期純損失（△）（平成26年3月28日財規等改正後）	Prior1YearDuration	前期	連結	期間	JPY	円	1971585000
jppfs_cor:ProfitLoss	当期純利益又は当期純損失（△）（平成26年3月28日財規等改正後）	CurrentYearDuration	当期	連結	期間	JPY	円	1608632000
jppfs_cor:ProfitLossAttributableToOwnersOfParent	親会社株主に帰属する当期純利益又は親会社株主に帰属する当期純損失（△）	Prior1YearDuration_RetainedEarningsMember	前期	連結	期間	JPY	円	1971585000
jppfs_cor:ProfitLossAttributableToOwnersOfParent	親会社株主に帰属する当期純利益又は親会社株主に帰属する当期純損失（△）	Prior1YearDuration_ShareholdersEquityMember	前期	連結	期間	JPY	円	1971585000
jppfs_cor:ProfitLossAttributableToOwnersOfParent	親会社株主に帰属する当期純利益又は親会社株主に帰属する当期純損失（△）	Prior1YearDuration	前期	連結	期間	JPY	円	1971585000
jppfs_cor:ProfitLossAttributableToOwnersOfParent	親会社株主に帰属する当期純利益又は親会社株主に帰属する当期純損失（△）	CurrentYearDuration_RetainedEarningsMember	当期	連結	期間	JPY	円	1608632000
jppfs_cor:ProfitLossAttributableToOwnersOfParent	親会社株主に帰属する当期純利益又は親会社株主に帰属する当期純損失（△）	CurrentYearDuration_ShareholdersEquityMember	当期	連結	期間	JPY	円	1608632000
jppfs_cor:ProfitLossAttributableToOwnersOfParent	親会社株主に帰属する当期純利益又は親会社株主に帰属する当期純損失（△）	CurrentYearDuration	当期	連結	期間	JPY	円	1608632000
jppfs_cor:IncomeBeforeIncomeTaxes	税引前当期純利益又は税引前当期純損失（△）	Prior1YearDuration	前期	連結	期間	JPY	円	2850820000
jppfs_cor:IncomeBeforeIncomeTaxes	税引前当期純利益又は税引前当期純損失（△）	CurrentYearDuration	当期	連結	期間	JPY	円	1989782000
jppfs_cor:DepreciationAndAmortizationOpeCF	減価償却費、営業活動によるキャッシュ・フロー	Prior1YearDuration	前期	連結	期間	JPY	円	1020354000
jppfs_cor:DepreciationAndAmortizationOpeCF	減価償却費、営業活動によるキャッシュ・フロー	CurrentYearDuration	当期	連結	期間	JPY	円	1112272000
jppfs_cor:LossOnRetirementOfPropertyPlantAndEquipmentOpeCF	有形固定資産除却損、営業活動によるキャッシュ・フロー	Prior1YearDuration	前期	連結	期間	JPY	円	57017000
jppfs_cor:LossOnRetirementOfPropertyPlantAndEquipmentOpeCF	有形固定資産除却損、営業活動によるキャッシュ・フロー	CurrentYearDuration	当期	連結	期間	JPY	円	11286000
jppfs_cor:LossGainOnSalesAndRetirementOfPropertyPlantAndEquipmentOpeCF	有形固定資産除売却損益（△は益）、営業活動によるキャッシュ・フロー	Prior1YearDuration	前期	連結	期間	JPY	円	-1575000
jppfs_cor:LossGainOnSalesAndRetirementOfPropertyPlantAndEquipmentOpeCF	有形固定資産除売却損益（△は益）、営業活動によるキャッシュ・フロー	CurrentYearDuration	当期	連結	期間	JPY	円	-686958000
jppfs_cor:PurchaseOfPropertyPlantAndEquipmentInvCF	有形固定資産の取得による支出、投資活動によるキャッシュ・フロー	Prior1YearDuration	前期	連結	期間	JPY	円	-1988488000
jppfs_cor:PurchaseOfPropertyPlantAndEquipmentInvCF	有形固定資産の取得による支出、投資活動によるキャッシュ・フロー	CurrentYearDuration	当期	連結	期間	JPY	円	-1374017000
jppfs_cor:ProceedsFromSalesOfPropertyPlantAndEquipmentInvCF	有形固定資産の売却による収入、投資活動によるキャッシュ・フロー	Prior1YearDuration	前期	連結	期間	JPY	円	1022000
jppfs_cor:ProceedsFromSalesOfPropertyPlantAndEquipmentInvCF	有形固定資産の売却による収入、投資活動によるキャッシュ・フロー	CurrentYearDuration	当期	連結	期間	JPY	円	1262845000
jppfs_cor:ResearchAndDevelopmentExpensesSGA	研究開発費、販売費及び一般管理費	Prior1YearDuration	前期	連結	期間	JPY	円	738327000
jppfs_cor:ResearchAndDevelopmentExpensesSGA	研究開発費、販売費及び一般管理費	CurrentYearDuration	当期	連結	期間	JPY	円	545190000
jpcrp_cor:RevenuesFromExternalCustomers	外部顧客への売上高	Prior1YearDuration_jpcrp030000-asr_E01670-000JapanFoodProcessingMachineryManufacturingAndSalesMember	前期	その他	期間	JPY	円	10858389000
jpcrp_cor:RevenuesFromExternalCustomers	外部顧客への売上高	Prior1YearDuration_jpcrp030000-asr_E01670-000NorthAndSouthAmericaFoodProcessingMachineryManufacturingAndSalesMember	前期	その他	期間	JPY	円	2231689000
jpcrp_cor:RevenuesFromExternalCustomers	外部顧客への売上高	Prior1YearDuration_jpcrp030000-asr_E01670-000EuropeFoodProcessingMachineryManufacturingAndSalesMember	前期	その他	期間	JPY	円	3322105000
jpcrp_cor:RevenuesFromExternalCustomers	外部顧客への売上高	Prior1YearDuration_jpcrp030000-asr_E01670-000AsiaFoodProcessingMachineryManufacturingAndSalesMember	前期	その他	期間	JPY	円	3552686000
jpcrp_cor:RevenuesFromExternalCustomers	外部顧客への売上高	Prior1YearDuration_jpcrp030000-asr_E01670-000FoodProcessingMachineryManufacturingAndSalesMember	前期	その他	期間	JPY	円	19964870000
jpcrp_cor:TransactionsWithOtherSegments	セグメント間の内部売上高又は振替高	Prior1YearDuration_jpcrp030000-asr_E01670-000JapanFoodProcessingMachineryManufacturingAndSalesMember	前期	その他	期間	JPY	円	3980275000
jpcrp_cor:TransactionsWithOtherSegments	セグメント間の内部売上高又は振替高	Prior1YearDuration_jpcrp030000-asr_E01670-000NorthAndSouthAmericaFoodProcessingMachineryManufacturingAndSalesMember	前期	その他	期間	JPY	円	74428000
jpcrp_cor:TransactionsWithOtherSegments	セグメント間の内部売上高又は振替高	Prior1YearDuration_jpcrp030000-asr_E01670-000EuropeFoodProcessingMachineryManufacturingAndSalesMember	前期	その他	期間	JPY	円	144000
jpcrp_cor:TransactionsWithOtherSegments	セグメント間の内部売上高又は振替高	Prior1YearDuration_jpcrp030000-asr_E01670-000AsiaFoodProcessingMachineryManufacturingAndSalesMember	前期	その他	期間	JPY	円	－
jpcrp_cor:TransactionsWithOtherSegments	セグメント間の内部売上高又は振替高	Prior1YearDuration_jpcrp030000-asr_E01670-000FoodProcessingMachineryManufacturingAndSalesMember	前期	その他	期間	JPY	円	4054848000
jppfs_cor:NetSales	売上高	Prior1YearDuration_jpcrp030000-asr_E01670-000JapanFoodProcessingMachineryManufacturingAndSalesMember	前期	連結	期間	JPY	円	14838664000
jppfs_cor:NetSales	売上高	Prior1YearDuration_jpcrp030000-asr_E01670-000NorthAndSouthAmericaFoodProcessingMachineryManufacturingAndSalesMember	前期	連結	期間	JPY	円	2306118000
jppfs_cor:NetSales	売上高	Prior1YearDuration_jpcrp030000-asr_E01670-000EuropeFoodProcessingMachineryManufacturingAndSalesMember	前期	連結	期間	JPY	円	3322250000
jppfs_cor:NetSales	売上高	Prior1YearDuration_jpcrp030000-asr_E01670-000AsiaFoodProcessingMachineryManufacturingAndSalesMember	前期	連結	期間	JPY	円	3552686000
jppfs_cor:NetSales	売上高	Prior1YearDuration_jpcrp030000-asr_E01670-000FoodProcessingMachineryManufacturingAndSalesMember	前期	連結	期間	JPY	円	24019719000
jppfs_cor:OperatingIncome	営業利益又は営業損失（△）	Prior1YearDuration_jpcrp030000-asr_E01670-000JapanFoodProcessingMachineryManufacturingAndSalesMember	前期	連結	期間	JPY	円	2705456000
jppfs_cor:OperatingIncome	営業利益又は営業損失（△）	Prior1YearDuration_jpcrp030000-asr_E01670-000NorthAndSouthAmericaFoodProcessingMachineryManufacturingAndSalesMember	前期	連結	期間	JPY	円	79206000
jppfs_cor:OperatingIncome	営業利益又は営業損失（△）	Prior1YearDuration_jpcrp030000-asr_E01670-000EuropeFoodProcessingMachineryManufacturingAndSalesMember	前期	連結	期間	JPY	円	270906000
jppfs_cor:OperatingIncome	営業利益又は営業損失（△）	Prior1YearDuration_jpcrp030000-asr_E01670-000AsiaFoodProcessingMachineryManufacturingAndSalesMember	前期	連結	期間	JPY	円	1247657000
jppfs_cor:OperatingIncome	営業利益又は営業損失（△）	Prior1YearDuration_jpcrp030000-asr_E01670-000FoodProcessingMachineryManufacturingAndSalesMember	前期	連結	期間	JPY	円	4303227000
jpcrp_cor:DepreciationSegmentInformation	減価償却費、セグメント情報	Prior1YearDuration_jpcrp030000-asr_E01670-000JapanFoodProcessingMachineryManufacturingAndSalesMember	前期	その他	期間	JPY	円	326415000
jpcrp_cor:DepreciationSegmentInformation	減価償却費、セグメント情報	Prior1YearDuration_jpcrp030000-asr_E01670-000NorthAndSouthAmericaFoodProcessingMachineryManufacturingAndSalesMember	前期	その他	期間	JPY	円	18031000
jpcrp_cor:DepreciationSegmentInformation	減価償却費、セグメント情報	Prior1YearDuration_jpcrp030000-asr_E01670-000EuropeFoodProcessingMachineryManufacturingAndSalesMember	前期	その他	期間	JPY	円	9495000
jpcrp_cor:DepreciationSegmentInformation	減価償却費、セグメント情報	Prior1YearDuration_jpcrp030000-asr_E01670-000AsiaFoodProcessingMachineryManufacturingAndSalesMember	前期	その他	期間	JPY	円	－
jpcrp_cor:DepreciationSegmentInformation	減価償却費、セグメント情報	Prior1YearDuration_jpcrp030000-asr_E01670-000FoodProcessingMachineryManufacturingAndSalesMember	前期	その他	期間	JPY	円	353942000
jpcrp_cor:IncreaseInPropertyPlantAndEquipmentAndIntangibleAssets	有形固定資産及び無形固定資産の増加額	Prior1YearDuration_jpcrp030000-asr_E01670-000JapanFoodProcessingMachineryManufacturingAndSalesMember	前期	その他	期間	JPY	円	189825000
jpcrp_cor:IncreaseInPropertyPlantAndEquipmentAndIntangibleAssets	有形固定資産及び無形固定資産の増加額	Prior1YearDuration_jpcrp030000-asr_E01670-000NorthAndSouthAmericaFoodProcessingMachineryManufacturingAndSalesMember	前期	その他	期間	JPY	円	2717000
jpcrp_cor:IncreaseInPropertyPlantAndEquipmentAndIntangibleAssets	有形固定資産及び無形固定資産の増加額	Prior1YearDuration_jpcrp030000-asr_E01670-000EuropeFoodProcessingMachineryManufacturingAndSalesMember	前期	その他	期間	JPY	円	17203000
jpcrp_cor:IncreaseInPropertyPlantAndEquipmentAndIntangibleAssets	有形固定資産及び無形固定資産の増加額	Prior1YearDuration_jpcrp030000-asr_E01670-000AsiaFoodProcessingMachineryManufacturingAndSalesMember	前期	その他	期間	JPY	円	－
jpcrp_cor:IncreaseInPropertyPlantAndEquipmentAndIntangibleAssets	有形固定資産及び無形固定資産の増加額	Prior1YearDuration_jpcrp030000-asr_E01670-000FoodProcessingMachineryManufacturingAndSalesMember	前期	その他	期間	JPY	円	209746000
jpcrp_cor:RevenuesFromExternalCustomers	外部顧客への売上高	Prior1YearDuration_jpcrp030000-asr_E01670-000NorthAndSouthAmericaGroceryManufacturingAndSalesMember	前期	その他	期間	JPY	円	6471702000
jpcrp_cor:RevenuesFromExternalCustomers	外部顧客への売上高	Prior1YearDuration_jpcrp030000-asr_E01670-000JapanGroceryManufacturingAndSalesMember	前期	その他	期間	JPY	円	460341000
jpcrp_cor:RevenuesFromExternalCustomers	外部顧客への売上高	Prior1YearDuration_jpcrp030000-asr_E01670-000GroceryManufacturingAndSalesMember	前期	その他	期間	JPY	円	6932043000
jpcrp_cor:RevenuesFromExternalCustomers	外部顧客への売上高	Prior1YearDuration_TotalOfReportableSegmentsAndOthersMember	前期	その他	期間	JPY	円	26896914000
jpcrp_cor:TransactionsWithOtherSegments	セグメント間の内部売上高又は振替高	Prior1YearDuration_jpcrp030000-asr_E01670-000NorthAndSouthAmericaGroceryManufacturingAndSalesMember	前期	その他	期間	JPY	円	－
jpcrp_cor:TransactionsWithOtherSegments	セグメント間の内部売上高又は振替高	Prior1YearDuration_jpcrp030000-asr_E01670-000JapanGroceryManufacturingAndSalesMember	前期	その他	期間	JPY	円	47000
jpcrp_cor:TransactionsWithOtherSegments	セグメント間の内部売上高又は振替高	Prior1YearDuration_jpcrp030000-asr_E01670-000GroceryManufacturingAndSalesMember	前期	その他	期間	JPY	円	47000
jpcrp_cor:TransactionsWithOtherSegments	セグメント間の内部売上高又は振替高	Prior1YearDuration_TotalOfReportableSegmentsAndOthersMember	前期	その他	期間	JPY	円	4054896000
jppfs_cor:NetSales	売上高	Prior1YearDuration_jpcrp030000-asr_E01670-000NorthAndSouthAmericaGroceryManufacturingAndSalesMember	前期	連結	期間	JPY	円	6471702000
jppfs_cor:NetSales	売上高	Prior1YearDuration_jpcrp030000-asr_E01670-000JapanGroceryManufacturingAndSalesMember	前期	連結	期間	JPY	円	460388000
jppfs_cor:NetSales	売上高	Prior1YearDuration_jpcrp030000-asr_E01670-000GroceryManufacturingAndSalesMember	前期	連結	期間	JPY	円	6932091000
jppfs_cor:NetSales	売上高	Prior1YearDuration_TotalOfReportableSegmentsAndOthersMember	前期	連結	期間	JPY	円	30951810000
jppfs_cor:OperatingIncome	営業利益又は営業損失（△）	Prior1YearDuration_jpcrp030000-asr_E01670-000NorthAndSouthAmericaGroceryManufacturingAndSalesMember	前期	連結	期間	JPY	円	369282000
jppfs_cor:OperatingIncome	営業利益又は営業損失（△）	Prior1YearDuration_jpcrp030000-asr_E01670-000JapanGroceryManufacturingAndSalesMember	前期	連結	期間	JPY	円	64629000
jppfs_cor:OperatingIncome	営業利益又は営業損失（△）	Prior1YearDuration_jpcrp030000-asr_E01670-000GroceryManufacturingAndSalesMember	前期	連結	期間	JPY	円	433912000
jppfs_cor:OperatingIncome	営業利益又は営業損失（△）	Prior1YearDuration_TotalOfReportableSegmentsAndOthersMember	前期	連結	期間	JPY	円	4737139000
jpcrp_cor:DepreciationSegmentInformation	減価償却費、セグメント情報	Prior1YearDuration_jpcrp030000-asr_E01670-000NorthAndSouthAmericaGroceryManufacturingAndSalesMember	前期	その他	期間	JPY	円	400042000
jpcrp_cor:DepreciationSegmentInformation	減価償却費、セグメント情報	Prior1YearDuration_jpcrp030000-asr_E01670-000JapanGroceryManufacturingAndSalesMember	前期	その他	期間	JPY	円	40941000
jpcrp_cor:DepreciationSegmentInformation	減価償却費、セグメント情報	Prior1YearDuration_jpcrp030000-asr_E01670-000GroceryManufacturingAndSalesMember	前期	その他	期間	JPY	円	440983000
jpcrp_cor:DepreciationSegmentInformation	減価償却費、セグメント情報	Prior1YearDuration_TotalOfReportableSegmentsAndOthersMember	前期	その他	期間	JPY	円	794926000
jpcrp_cor:IncreaseInPropertyPlantAndEquipmentAndIntangibleAssets	有形固定資産及び無形固定資産の増加額	Prior1YearDuration_jpcrp030000-asr_E01670-000NorthAndSouthAmericaGroceryManufacturingAndSalesMember	前期	その他	期間	JPY	円	188910000
jpcrp_cor:IncreaseInPropertyPlantAndEquipmentAndIntangibleAssets	有形固定資産及び無形固定資産の増加額	Prior1YearDuration_jpcrp030000-asr_E01670-000JapanGroceryManufacturingAndSalesMember	前期	その他	期間	JPY	円	7046000
jpcrp_cor:IncreaseInPropertyPlantAndEquipmentAndIntangibleAssets	有形固定資産及び無形固定資産の増加額	Prior1YearDuration_jpcrp030000-asr_E01670-000GroceryManufacturingAndSalesMember	前期	その他	期間	JPY	円	195957000
jpcrp_cor:IncreaseInPropertyPlantAndEquipmentAndIntangibleAssets	有形固定資産及び無形固定資産の増加額	Prior1YearDuration_TotalOfReportableSegmentsAndOthersMember	前期	その他	期間	JPY	円	405703000
jpcrp_cor:RevenuesFromExternalCustomers	外部顧客への売上高	CurrentYearDuration_jpcrp030000-asr_E01670-000JapanFoodProcessingMachineryManufacturingAndSalesMember	当期	その他	期間	JPY	円	9033094000
jpcrp_cor:RevenuesFromExternalCustomers	外部顧客への売上高	CurrentYearDuration_jpcrp030000-asr_E01670-000NorthAndSouthAmericaFoodProcessingMachineryManufacturingAndSalesMember	当期	その他	期間	JPY	円	1591130000
jpcrp_cor:RevenuesFromExternalCustomers	外部顧客への売上高	CurrentYearDuration_jpcrp030000-asr_E01670-000EuropeFoodProcessingMachineryManufacturingAndSalesMember	当期	その他	期間	JPY	円	3176374000
jpcrp_cor:RevenuesFromExternalCustomers	外部顧客への売上高	CurrentYearDuration_jpcrp030000-asr_E01670-000AsiaFoodProcessingMachineryManufacturingAndSalesMember	当期	その他	期間	JPY	円	2277605000
jpcrp_cor:RevenuesFromExternalCustomers	外部顧客への売上高	CurrentYearDuration_jpcrp030000-asr_E01670-000FoodProcessingMachineryManufacturingAndSalesMember	当期	その他	期間	JPY	円	16078204000
jpcrp_cor:TransactionsWithOtherSegments	セグメント間の内部売上高又は振替高	CurrentYearDuration_jpcrp030000-asr_E01670-000JapanFoodProcessingMachineryManufacturingAndSalesMember	当期	その他	期間	JPY	円	2744146000
jpcrp_cor:TransactionsWithOtherSegments	セグメント間の内部売上高又は振替高	CurrentYearDuration_jpcrp030000-asr_E01670-000NorthAndSouthAmericaFoodProcessingMachineryManufacturingAndSalesMember	当期	その他	期間	JPY	円	70939000
jpcrp_cor:TransactionsWithOtherSegments	セグメント間の内部売上高又は振替高	CurrentYearDuration_jpcrp030000-asr_E01670-000EuropeFoodProcessingMachineryManufacturingAndSalesMember	当期	その他	期間	JPY	円	－
jpcrp_cor:TransactionsWithOtherSegments	セグメント間の内部売上高又は振替高	CurrentYearDuration_jpcrp030000-asr_E01670-000AsiaFoodProcessingMachineryManufacturingAndSalesMember	当期	その他	期間	JPY	円	－
jpcrp_cor:TransactionsWithOtherSegments	セグメント間の内部売上高又は振替高	CurrentYearDuration_jpcrp030000-asr_E01670-000FoodProcessingMachineryManufacturingAndSalesMember	当期	その他	期間	JPY	円	2815085000
jppfs_cor:NetSales	売上高	CurrentYearDuration_jpcrp030000-asr_E01670-000JapanFoodProcessingMachineryManufacturingAndSalesMember	当期	連結	期間	JPY	円	11777240000
jppfs_cor:NetSales	売上高	CurrentYearDuration_jpcrp030000-asr_E01670-000NorthAndSouthAmericaFoodProcessingMachineryManufacturingAndSalesMember	当期	連結	期間	JPY	円	1662069000
jppfs_cor:NetSales	売上高	CurrentYearDuration_jpcrp030000-asr_E01670-000EuropeFoodProcessingMachineryManufacturingAndSalesMember	当期	連結	期間	JPY	円	3176374000
jppfs_cor:NetSales	売上高	CurrentYearDuration_jpcrp030000-asr_E01670-000AsiaFoodProcessingMachineryManufacturingAndSalesMember	当期	連結	期間	JPY	円	2277605000
jppfs_cor:NetSales	売上高	CurrentYearDuration_jpcrp030000-asr_E01670-000FoodProcessingMachineryManufacturingAndSalesMember	当期	連結	期間	JPY	円	18893289000
jppfs_cor:OperatingIncome	営業利益又は営業損失（△）	CurrentYearDuration_jpcrp030000-asr_E01670-000JapanFoodProcessingMachineryManufacturingAndSalesMember	当期	連結	期間	JPY	円	1949065000
jppfs_cor:OperatingIncome	営業利益又は営業損失（△）	CurrentYearDuration_jpcrp030000-asr_E01670-000NorthAndSouthAmericaFoodProcessingMachineryManufacturingAndSalesMember	当期	連結	期間	JPY	円	63935000
jppfs_cor:OperatingIncome	営業利益又は営業損失（△）	CurrentYearDuration_jpcrp030000-asr_E01670-000EuropeFoodProcessingMachineryManufacturingAndSalesMember	当期	連結	期間	JPY	円	317868000
jppfs_cor:OperatingIncome	営業利益又は営業損失（△）	CurrentYearDuration_jpcrp030000-asr_E01670-000AsiaFoodProcessingMachineryManufacturingAndSalesMember	当期	連結	期間	JPY	円	733385000
jppfs_cor:OperatingIncome	営業利益又は営業損失（△）	CurrentYearDuration_jpcrp030000-asr_E01670-000FoodProcessingMachineryManufacturingAndSalesMember	当期	連結	期間	JPY	円	3064255000
jpcrp_cor:DepreciationSegmentInformation	減価償却費、セグメント情報	CurrentYearDuration_jpcrp030000-asr_E01670-000JapanFoodProcessingMachineryManufacturingAndSalesMember	当期	その他	期間	JPY	円	84029000
jpcrp_cor:DepreciationSegmentInformation	減価償却費、セグメント情報	CurrentYearDuration_jpcrp030000-asr_E01670-000NorthAndSouthAmericaFoodProcessingMachineryManufacturingAndSalesMember	当期	その他	期間	JPY	円	16815000
jpcrp_cor:DepreciationSegmentInformation	減価償却費、セグメント情報	CurrentYearDuration_jpcrp030000-asr_E01670-000EuropeFoodProcessingMachineryManufacturingAndSalesMember	当期	その他	期間	JPY	円	9846000
jpcrp_cor:DepreciationSegmentInformation	減価償却費、セグメント情報	CurrentYearDuration_jpcrp030000-asr_E01670-000AsiaFoodProcessingMachineryManufacturingAndSalesMember	当期	その他	期間	JPY	円	－
jpcrp_cor:DepreciationSegmentInformation	減価償却費、セグメント情報	CurrentYearDuration_jpcrp030000-asr_E01670-000FoodProcessingMachineryManufacturingAndSalesMember	当期	その他	期間	JPY	円	110691000
jpcrp_cor:IncreaseInPropertyPlantAndEquipmentAndIntangibleAssets	有形固定資産及び無形固定資産の増加額	CurrentYearDuration_jpcrp030000-asr_E01670-000JapanFoodProcessingMachineryManufacturingAndSalesMember	当期	その他	期間	JPY	円	120283000
jpcrp_cor:IncreaseInPropertyPlantAndEquipmentAndIntangibleAssets	有形固定資産及び無形固定資産の増加額	CurrentYearDuration_jpcrp030000-asr_E01670-000NorthAndSouthAmericaFoodProcessingMachineryManufacturingAndSalesMember	当期	その他	期間	JPY	円	3627000
jpcrp_cor:IncreaseInPropertyPlantAndEquipmentAndIntangibleAssets	有形固定資産及び無形固定資産の増加額	CurrentYearDuration_jpcrp030000-asr_E01670-000EuropeFoodProcessingMachineryManufacturingAndSalesMember	当期	その他	期間	JPY	円	4288000
jpcrp_cor:IncreaseInPropertyPlantAndEquipmentAndIntangibleAssets	有形固定資産及び無形固定資産の増加額	CurrentYearDuration_jpcrp030000-asr_E01670-000AsiaFoodProcessingMachineryManufacturingAndSalesMember	当期	その他	期間	JPY	円	－
jpcrp_cor:IncreaseInPropertyPlantAndEquipmentAndIntangibleAssets	有形固定資産及び無形固定資産の増加額	CurrentYearDuration_jpcrp030000-asr_E01670-000FoodProcessingMachineryManufacturingAndSalesMember	当期	その他	期間	JPY	円	128198000
jpcrp_cor:RevenuesFromExternalCustomers	外部顧客への売上高	CurrentYearDuration_jpcrp030000-asr_E01670-000NorthAndSouthAmericaGroceryManufacturingAndSalesMember	当期	その他	期間	JPY	円	5741645000
jpcrp_cor:RevenuesFromExternalCustomers	外部顧客への売上高	CurrentYearDuration_jpcrp030000-asr_E01670-000JapanGroceryManufacturingAndSalesMember	当期	その他	期間	JPY	円	461096000
jpcrp_cor:RevenuesFromExternalCustomers	外部顧客への売上高	CurrentYearDuration_jpcrp030000-asr_E01670-000GroceryManufacturingAndSalesMember	当期	その他	期間	JPY	円	6202741000
jpcrp_cor:RevenuesFromExternalCustomers	外部顧客への売上高	CurrentYearDuration_TotalOfReportableSegmentsAndOthersMember	当期	その他	期間	JPY	円	22280945000
jpcrp_cor:TransactionsWithOtherSegments	セグメント間の内部売上高又は振替高	CurrentYearDuration_jpcrp030000-asr_E01670-000NorthAndSouthAmericaGroceryManufacturingAndSalesMember	当期	その他	期間	JPY	円	－
jpcrp_cor:TransactionsWithOtherSegments	セグメント間の内部売上高又は振替高	CurrentYearDuration_jpcrp030000-asr_E01670-000JapanGroceryManufacturingAndSalesMember	当期	その他	期間	JPY	円	70000
jpcrp_cor:TransactionsWithOtherSegments	セグメント間の内部売上高又は振替高	CurrentYearDuration_jpcrp030000-asr_E01670-000GroceryManufacturingAndSalesMember	当期	その他	期間	JPY	円	70000
jpcrp_cor:TransactionsWithOtherSegments	セグメント間の内部売上高又は振替高	CurrentYearDuration_TotalOfReportableSegmentsAndOthersMember	当期	その他	期間	JPY	円	2815156000
jppfs_cor:NetSales	売上高	CurrentYearDuration_jpcrp030000-asr_E01670-000NorthAndSouthAmericaGroceryManufacturingAndSalesMember	当期	連結	期間	JPY	円	5741645000
jppfs_cor:NetSales	売上高	CurrentYearDuration_jpcrp030000-asr_E01670-000JapanGroceryManufacturingAndSalesMember	当期	連結	期間	JPY	円	461167000
jppfs_cor:NetSales	売上高	CurrentYearDuration_jpcrp030000-asr_E01670-000GroceryManufacturingAndSalesMember	当期	連結	期間	JPY	円	6202812000
jppfs_cor:NetSales	売上高	CurrentYearDuration_TotalOfReportableSegmentsAndOthersMember	当期	連結	期間	JPY	円	25096101000
jppfs_cor:OperatingIncome	営業利益又は営業損失（△）	CurrentYearDuration_jpcrp030000-asr_E01670-000NorthAndSouthAmericaGroceryManufacturingAndSalesMember	当期	連結	期間	JPY	円	103657000
jppfs_cor:OperatingIncome	営業利益又は営業損失（△）	CurrentYearDuration_jpcrp030000-asr_E01670-000JapanGroceryManufacturingAndSalesMember	当期	連結	期間	JPY	円	79837000
jppfs_cor:OperatingIncome	営業利益又は営業損失（△）	CurrentYearDuration_jpcrp030000-asr_E01670-000GroceryManufacturingAndSalesMember	当期	連結	期間	JPY	円	183494000
jppfs_cor:OperatingIncome	営業利益又は営業損失（△）	CurrentYearDuration_TotalOfReportableSegmentsAndOthersMember	当期	連結	期間	JPY	円	3247750000
jpcrp_cor:DepreciationSegmentInformation	減価償却費、セグメント情報	CurrentYearDuration_jpcrp030000-asr_E01670-000NorthAndSouthAmericaGroceryManufacturingAndSalesMember	当期	その他	期間	JPY	円	372447000
jpcrp_cor:DepreciationSegmentInformation	減価償却費、セグメント情報	CurrentYearDuration_jpcrp030000-asr_E01670-000JapanGroceryManufacturingAndSalesMember	当期	その他	期間	JPY	円	38983000
jpcrp_cor:DepreciationSegmentInformation	減価償却費、セグメント情報	CurrentYearDuration_jpcrp030000-asr_E01670-000GroceryManufacturingAndSalesMember	当期	その他	期間	JPY	円	411431000
jpcrp_cor:DepreciationSegmentInformation	減価償却費、セグメント情報	CurrentYearDuration_TotalOfReportableSegmentsAndOthersMember	当期	その他	期間	JPY	円	522122000
jpcrp_cor:IncreaseInPropertyPlantAndEquipmentAndIntangibleAssets	有形固定資産及び無形固定資産の増加額	CurrentYearDuration_jpcrp030000-asr_E01670-000NorthAndSouthAmericaGroceryManufacturingAndSalesMember	当期	その他	期間	JPY	円	123807000
jpcrp_cor:IncreaseInPropertyPlantAndEquipmentAndIntangibleAssets	有形固定資産及び無形固定資産の増加額	CurrentYearDuration_jpcrp030000-asr_E01670-000JapanGroceryManufacturingAndSalesMember	当期	その他	期間	JPY	円	10628000
jpcrp_cor:IncreaseInPropertyPlantAndEquipmentAndIntangibleAssets	有形固定資産及び無形固定資産の増加額	CurrentYearDuration_jpcrp030000-asr_E01670-000GroceryManufacturingAndSalesMember	当期	その他	期間	JPY	円	134436000
jpcrp_cor:IncreaseInPropertyPlantAndEquipmentAndIntangibleAssets	有形固定資産及び無形固定資産の増加額	CurrentYearDuration_TotalOfReportableSegmentsAndOthersMember	当期	その他	期間	JPY	円	262635000
jppfs_cor:RawMaterials	原材料	Prior1YearInstant_NonConsolidatedMember	前期末	個別	時点	JPY	円	432412000
jppfs_cor:RawMaterials	原材料	CurrentYearInstant_NonConsolidatedMember	当期末	個別	時点	JPY	円	100774000
jppfs_cor:AccumulatedDepreciationBuildings	減価償却累計額、建物	Prior1YearInstant_NonConsolidatedMember	前期末	個別	時点	JPY	円	-5576793000
jppfs_cor:AccumulatedDepreciationBuildings	減価償却累計額、建物	CurrentYearInstant_NonConsolidatedMember	当期末	個別	時点	JPY	円	-4646920000
jppfs_cor:AccumulatedDepreciationStructures	減価償却累計額、構築物	Prior1YearInstant_NonConsolidatedMember	前期末	個別	時点	JPY	円	-464130000
jppfs_cor:AccumulatedDepreciationStructures	減価償却累計額、構築物	CurrentYearInstant_NonConsolidatedMember	当期末	個別	時点	JPY	円	-435961000
jppfs_cor:AccumulatedDepreciationMachineryAndEquipment	減価償却累計額、機械及び装置	Prior1YearInstant_NonConsolidatedMember	前期末	個別	時点	JPY	円	-2527959000
jppfs_cor:AccumulatedDepreciationMachineryAndEquipment	減価償却累計額、機械及び装置	CurrentYearInstant_NonConsolidatedMember	当期末	個別	時点	JPY	円	-2600910000
jppfs_cor:AccumulatedDepreciationVehicles	減価償却累計額、車両運搬具	Prior1YearInstant_NonConsolidatedMember	前期末	個別	時点	JPY	円	-137982000
jppfs_cor:AccumulatedDepreciationVehicles	減価償却累計額、車両運搬具	CurrentYearInstant_NonConsolidatedMember	当期末	個別	時点	JPY	円	-145503000
jppfs_cor:AccumulatedDepreciationToolsFurnitureAndFixtures	減価償却累計額、工具、器具及び備品	Prior1YearInstant_NonConsolidatedMember	前期末	個別	時点	JPY	円	-1463412000
jppfs_cor:AccumulatedDepreciationToolsFurnitureAndFixtures	減価償却累計額、工具、器具及び備品	CurrentYearInstant_NonConsolidatedMember	当期末	個別	時点	JPY	円	-1385012000
jppfs_cor:LeaseAssetsPPE	リース資産、有形固定資産	Prior1YearInstant_NonConsolidatedMember	前期末	個別	時点	JPY	円	43332000
jppfs_cor:LeaseAssetsPPE	リース資産、有形固定資産	CurrentYearInstant_NonConsolidatedMember	当期末	個別	時点	JPY	円	43332000
jppfs_cor:AccumulatedDepreciationLeaseAssetsPPE	減価償却累計額、リース資産、有形固定資産	Prior1YearInstant_NonConsolidatedMember	前期末	個別	時点	JPY	円	-34805000
jppfs_cor:AccumulatedDepreciationLeaseAssetsPPE	減価償却累計額、リース資産、有形固定資産	CurrentYearInstant_NonConsolidatedMember	当期末	個別	時点	JPY	円	-40839000
jppfs_cor:LeaseAssetsNetPPE	リース資産（純額）、有形固定資産	Prior1YearInstant_NonConsolidatedMember	前期末	個別	時点	JPY	円	8526000
jppfs_cor:LeaseAssetsNetPPE	リース資産（純額）、有形固定資産	CurrentYearInstant_NonConsolidatedMember	当期末	個別	時点	JPY	円	2492000
jppfs_cor:PropertyPlantAndEquipment	有形固定資産	Prior1YearInstant_NonConsolidatedMember	前期末	個別	時点	JPY	円	8848462000
jppfs_cor:PropertyPlantAndEquipment	有形固定資産	CurrentYearInstant_NonConsolidatedMember	当期末	個別	時点	JPY	円	8451528000
jppfs_cor:CapitalStock	資本金	Prior1YearInstant_NonConsolidatedMember	前期末	個別	時点	JPY	円	7351750000
jppfs_cor:CapitalStock	資本金	CurrentYearInstant_NonConsolidatedMember	当期末	個別	時点	JPY	円	7351750000
jppfs_cor:NetSalesOfFinishedGoodsRevOA	製品売上高、営業活動による収益	Prior1YearDuration_NonConsolidatedMember	前期	個別	期間	JPY	円	12839123000
jppfs_cor:NetSalesOfFinishedGoodsRevOA	製品売上高、営業活動による収益	CurrentYearDuration_NonConsolidatedMember	当期	個別	期間	JPY	円	9688879000
jppfs_cor:NetSalesOfGoodsRevOA	商品売上高、営業活動による収益	Prior1YearDuration_NonConsolidatedMember	前期	個別	期間	JPY	円	1097248000
jppfs_cor:NetSalesOfGoodsRevOA	商品売上高、営業活動による収益	CurrentYearDuration_NonConsolidatedMember	当期	個別	期間	JPY	円	746258000
jppfs_cor:OtherSalesRevOA	その他の売上高、営業活動による収益	Prior1YearDuration_NonConsolidatedMember	前期	個別	期間	JPY	円	4422112000
jppfs_cor:OtherSalesRevOA	その他の売上高、営業活動による収益	CurrentYearDuration_NonConsolidatedMember	当期	個別	期間	JPY	円	3588505000
jppfs_cor:NetSales	売上高	Prior1YearDuration_NonConsolidatedMember	前期	個別	期間	JPY	円	18358483000
jppfs_cor:NetSales	売上高	CurrentYearDuration_NonConsolidatedMember	当期	個別	期間	JPY	円	14023643000
jppfs_cor:BeginningFinishedGoodsCOS	製品期首棚卸高、売上原価	Prior1YearDuration_NonConsolidatedMember	前期	個別	期間	JPY	円	1729987000
jppfs_cor:BeginningFinishedGoodsCOS	製品期首棚卸高、売上原価	CurrentYearDuration_NonConsolidatedMember	当期	個別	期間	JPY	円	1418875000
jppfs_cor:BeginningGoodsCOS	商品期首棚卸高、売上原価	Prior1YearDuration_NonConsolidatedMember	前期	個別	期間	JPY	円	147989000
jppfs_cor:BeginningGoodsCOS	商品期首棚卸高、売上原価	CurrentYearDuration_NonConsolidatedMember	当期	個別	期間	JPY	円	148576000
jppfs_cor:OtherCostCOSExpOA	その他の原価、営業活動による費用・売上原価	Prior1YearDuration_NonConsolidatedMember	前期	個別	期間	JPY	円	1583623000
jppfs_cor:OtherCostCOSExpOA	その他の原価、営業活動による費用・売上原価	CurrentYearDuration_NonConsolidatedMember	当期	個別	期間	JPY	円	1248837000
jppfs_cor:TotalBeginningAndCostPurchasedMerchandiseAndFinishedGoodsCOS	合計、商品及び製品期首棚卸高及び当期仕入高、売上原価	Prior1YearDuration_NonConsolidatedMember	前期	個別	期間	JPY	円	11125943000
jppfs_cor:TotalBeginningAndCostPurchasedMerchandiseAndFinishedGoodsCOS	合計、商品及び製品期首棚卸高及び当期仕入高、売上原価	CurrentYearDuration_NonConsolidatedMember	当期	個別	期間	JPY	円	8449362000
jppfs_cor:EndingFinishedGoodsCOS	製品期末棚卸高、売上原価	Prior1YearDuration_NonConsolidatedMember	前期	個別	期間	JPY	円	1331710000
jppfs_cor:EndingFinishedGoodsCOS	製品期末棚卸高、売上原価	CurrentYearDuration_NonConsolidatedMember	当期	個別	期間	JPY	円	1172431000
jppfs_cor:EndingGoodsCOS	商品期末棚卸高、売上原価	Prior1YearDuration_NonConsolidatedMember	前期	個別	期間	JPY	円	148576000
jppfs_cor:EndingGoodsCOS	商品期末棚卸高、売上原価	CurrentYearDuration_NonConsolidatedMember	当期	個別	期間	JPY	円	69502000
jppfs_cor:CostOfSales	売上原価	Prior1YearDuration_NonConsolidatedMember	前期	個別	期間	JPY	円	9645656000
jppfs_cor:CostOfSales	売上原価	CurrentYearDuration_NonConsolidatedMember	当期	個別	期間	JPY	円	7207428000
jppfs_cor:AdvertisingExpensesSGA	広告宣伝費、販売費及び一般管理費	Prior1YearDuration_NonConsolidatedMember	前期	個別	期間	JPY	円	174872000
jppfs_cor:AdvertisingExpensesSGA	広告宣伝費、販売費及び一般管理費	CurrentYearDuration_NonConsolidatedMember	当期	個別	期間	JPY	円	71471000
jppfs_cor:PackingAndTransportationExpensesSGA	荷造運搬費、販売費及び一般管理費	Prior1YearDuration_NonConsolidatedMember	前期	個別	期間	JPY	円	283831000
jppfs_cor:PackingAndTransportationExpensesSGA	荷造運搬費、販売費及び一般管理費	CurrentYearDuration_NonConsolidatedMember	当期	個別	期間	JPY	円	282086000
jppfs_cor:ProvisionOfAllowanceForDoubtfulAccountsSGA	貸倒引当金繰入額、販売費及び一般管理費	Prior1YearDuration_NonConsolidatedMember	前期	個別	期間	JPY	円	-1990000
jppfs_cor:ProvisionOfAllowanceForDoubtfulAccountsSGA	貸倒引当金繰入額、販売費及び一般管理費	CurrentYearDuration_NonConsolidatedMember	当期	個別	期間	JPY	円	188000
jppfs_cor:SalesCommissionSGA	販売手数料、販売費及び一般管理費	Prior1YearDuration_NonConsolidatedMember	前期	個別	期間	JPY	円	93142000
jppfs_cor:SalesCommissionSGA	販売手数料、販売費及び一般管理費	CurrentYearDuration_NonConsolidatedMember	当期	個別	期間	JPY	円	28250000
jppfs_cor:DeliveryExaminationExpensesSGA	納入試験費、販売費及び一般管理費	Prior1YearDuration_NonConsolidatedMember	前期	個別	期間	JPY	円	30844000
jppfs_cor:DeliveryExaminationExpensesSGA	納入試験費、販売費及び一般管理費	CurrentYearDuration_NonConsolidatedMember	当期	個別	期間	JPY	円	22836000
jppfs_cor:PromotionExpensesSGA	販売促進費、販売費及び一般管理費	Prior1YearDuration_NonConsolidatedMember	前期	個別	期間	JPY	円	18991000
jppfs_cor:PromotionExpensesSGA	販売促進費、販売費及び一般管理費	CurrentYearDuration_NonConsolidatedMember	当期	個別	期間	JPY	円	10770000
jppfs_cor:DirectorsCompensationsSGA	役員報酬、販売費及び一般管理費	Prior1YearDuration_NonConsolidatedMember	前期	個別	期間	JPY	円	139230000
jppfs_cor:DirectorsCompensationsSGA	役員報酬、販売費及び一般管理費	CurrentYearDuration_NonConsolidatedMember	当期	個別	期間	JPY	円	137530000
jppfs_cor:SalariesAndAllowancesSGA	給料及び手当、販売費及び一般管理費	Prior1YearDuration_NonConsolidatedMember	前期	個別	期間	JPY	円	2370248000
jppfs_cor:SalariesAndAllowancesSGA	給料及び手当、販売費及び一般管理費	CurrentYearDuration_NonConsolidatedMember	当期	個別	期間	JPY	円	2210618000
jppfs_cor:ProvisionForBonusesSGA	賞与引当金繰入額、販売費及び一般管理費	Prior1YearDuration_NonConsolidatedMember	前期	個別	期間	JPY	円	355404000
jppfs_cor:ProvisionForBonusesSGA	賞与引当金繰入額、販売費及び一般管理費	CurrentYearDuration_NonConsolidatedMember	当期	個別	期間	JPY	円	270156000
jppfs_cor:ProvisionForDirectorsBonusesSGA	役員賞与引当金繰入額、販売費及び一般管理費	Prior1YearDuration_NonConsolidatedMember	前期	個別	期間	JPY	円	21700000
jppfs_cor:ProvisionForDirectorsBonusesSGA	役員賞与引当金繰入額、販売費及び一般管理費	CurrentYearDuration_NonConsolidatedMember	当期	個別	期間	JPY	円	11600000
jppfs_cor:RetirementBenefitExpensesSGA	退職給付費用、販売費及び一般管理費	Prior1YearDuration_NonConsolidatedMember	前期	個別	期間	JPY	円	165505000
jppfs_cor:RetirementBenefitExpensesSGA	退職給付費用、販売費及び一般管理費	CurrentYearDuration_NonConsolidatedMember	当期	個別	期間	JPY	円	166853000
jppfs_cor:LegalWelfareExpensesSGA	法定福利費、販売費及び一般管理費	Prior1YearDuration_NonConsolidatedMember	前期	個別	期間	JPY	円	435715000
jppfs_cor:LegalWelfareExpensesSGA	法定福利費、販売費及び一般管理費	CurrentYearDuration_NonConsolidatedMember	当期	個別	期間	JPY	円	420140000
jppfs_cor:WelfareExpensesSGA	福利厚生費、販売費及び一般管理費	Prior1YearDuration_NonConsolidatedMember	前期	個別	期間	JPY	円	72641000
jppfs_cor:WelfareExpensesSGA	福利厚生費、販売費及び一般管理費	CurrentYearDuration_NonConsolidatedMember	当期	個別	期間	JPY	円	65745000
jppfs_cor:TravelingAndTransportationExpensesSGA	旅費及び交通費、販売費及び一般管理費	Prior1YearDuration_NonConsolidatedMember	前期	個別	期間	JPY	円	332527000
jppfs_cor:TravelingAndTransportationExpensesSGA	旅費及び交通費、販売費及び一般管理費	CurrentYearDuration_NonConsolidatedMember	当期	個別	期間	JPY	円	202135000
jppfs_cor:EntertainmentExpensesSGA	交際費、販売費及び一般管理費	Prior1YearDuration_NonConsolidatedMember	前期	個別	期間	JPY	円	9192000
jppfs_cor:EntertainmentExpensesSGA	交際費、販売費及び一般管理費	CurrentYearDuration_NonConsolidatedMember	当期	個別	期間	JPY	円	1801000
jppfs_cor:CommunicationExpensesSGA	通信費、販売費及び一般管理費	Prior1YearDuration_NonConsolidatedMember	前期	個別	期間	JPY	円	39438000
jppfs_cor:CommunicationExpensesSGA	通信費、販売費及び一般管理費	CurrentYearDuration_NonConsolidatedMember	当期	個別	期間	JPY	円	33882000
jppfs_cor:RentExpensesSGA	賃借料、販売費及び一般管理費	Prior1YearDuration_NonConsolidatedMember	前期	個別	期間	JPY	円	146043000
jppfs_cor:RentExpensesSGA	賃借料、販売費及び一般管理費	CurrentYearDuration_NonConsolidatedMember	当期	個別	期間	JPY	円	156250000
jppfs_cor:SuppliesExpensesSGA	消耗品費、販売費及び一般管理費	Prior1YearDuration_NonConsolidatedMember	前期	個別	期間	JPY	円	44758000
jppfs_cor:SuppliesExpensesSGA	消耗品費、販売費及び一般管理費	CurrentYearDuration_NonConsolidatedMember	当期	個別	期間	JPY	円	102632000
jppfs_cor:UtilitiesExpensesSGA	水道光熱費、販売費及び一般管理費	Prior1YearDuration_NonConsolidatedMember	前期	個別	期間	JPY	円	50083000
jppfs_cor:UtilitiesExpensesSGA	水道光熱費、販売費及び一般管理費	CurrentYearDuration_NonConsolidatedMember	当期	個別	期間	JPY	円	49286000
jppfs_cor:DepreciationSGA	減価償却費、販売費及び一般管理費	Prior1YearDuration_NonConsolidatedMember	前期	個別	期間	JPY	円	319042000
jppfs_cor:DepreciationSGA	減価償却費、販売費及び一般管理費	CurrentYearDuration_NonConsolidatedMember	当期	個別	期間	JPY	円	452312000
jppfs_cor:TaxesAndDuesSGA	租税公課、販売費及び一般管理費	Prior1YearDuration_NonConsolidatedMember	前期	個別	期間	JPY	円	227310000
jppfs_cor:TaxesAndDuesSGA	租税公課、販売費及び一般管理費	CurrentYearDuration_NonConsolidatedMember	当期	個別	期間	JPY	円	166191000
jppfs_cor:ResearchAndDevelopmentExpensesSGA	研究開発費、販売費及び一般管理費	Prior1YearDuration_NonConsolidatedMember	前期	個別	期間	JPY	円	738327000
jppfs_cor:ResearchAndDevelopmentExpensesSGA	研究開発費、販売費及び一般管理費	CurrentYearDuration_NonConsolidatedMember	当期	個別	期間	JPY	円	545190000
jppfs_cor:CommissionFeeSGA	支払手数料、販売費及び一般管理費	Prior1YearDuration_NonConsolidatedMember	前期	個別	期間	JPY	円	54953000
jppfs_cor:CommissionFeeSGA	支払手数料、販売費及び一般管理費	CurrentYearDuration_NonConsolidatedMember	当期	個別	期間	JPY	円	59010000
jppfs_cor:OtherSGA	その他、販売費及び一般管理費	Prior1YearDuration_NonConsolidatedMember	前期	個別	期間	JPY	円	424130000
jppfs_cor:OtherSGA	その他、販売費及び一般管理費	CurrentYearDuration_NonConsolidatedMember	当期	個別	期間	JPY	円	563197000
jppfs_cor:SellingGeneralAndAdministrativeExpenses	販売費及び一般管理費	Prior1YearDuration_NonConsolidatedMember	前期	個別	期間	JPY	円	6545947000
jppfs_cor:SellingGeneralAndAdministrativeExpenses	販売費及び一般管理費	CurrentYearDuration_NonConsolidatedMember	当期	個別	期間	JPY	円	6030138000
jppfs_cor:OperatingIncome	営業利益又は営業損失（△）	Prior1YearDuration_NonConsolidatedMember	前期	個別	期間	JPY	円	2166880000
jppfs_cor:OperatingIncome	営業利益又は営業損失（△）	CurrentYearDuration_NonConsolidatedMember	当期	個別	期間	JPY	円	786076000
jppfs_cor:OrdinaryIncome	経常利益又は経常損失（△）	Prior1YearDuration_NonConsolidatedMember	前期	個別	期間	JPY	円	2356839000
jppfs_cor:OrdinaryIncome	経常利益又は経常損失（△）	CurrentYearDuration_NonConsolidatedMember	当期	個別	期間	JPY	円	1334970000
jppfs_cor:IncomeBeforeIncomeTaxes	税引前当期純利益又は税引前当期純損失（△）	Prior1YearDuration_NonConsolidatedMember	前期	個別	期間	JPY	円	2274429000
jppfs_cor:IncomeBeforeIncomeTaxes	税引前当期純利益又は税引前当期純損失（△）	CurrentYearDuration_NonConsolidatedMember	当期	個別	期間	JPY	円	1702260000
jppfs_cor:ProfitLoss	当期純利益又は当期純損失（△）（平成26年3月28日財規等改正後）	Prior1YearDuration_NonConsolidatedMember	前期	個別	期間	JPY	円	1611628000
jppfs_cor:ProfitLoss	当期純利益又は当期純損失（△）（平成26年3月28日財規等改正後）	CurrentYearDuration_NonConsolidatedMember	当期	個別	期間	JPY	円	1684743000
jppfs_cor:ProfitLoss	当期純利益又は当期純損失（△）（平成26年3月28日財規等改正後）	Prior1YearDuration_NonConsolidatedMember_RetainedEarningsBroughtForwardMember	前期	個別	期間	JPY	円	1611628000
jppfs_cor:ProfitLoss	当期純利益又は当期純損失（△）（平成26年3月28日財規等改正後）	Prior1YearDuration_NonConsolidatedMember_RetainedEarningsMember	前期	個別	期間	JPY	円	1611628000
jppfs_cor:ProfitLoss	当期純利益又は当期純損失（△）（平成26年3月28日財規等改正後）	Prior1YearDuration_NonConsolidatedMember_ShareholdersEquityMember	前期	個別	期間	JPY	円	1611628000
jppfs_cor:ProfitLoss	当期純利益又は当期純損失（△）（平成26年3月28日財規等改正後）	Prior1YearDuration_NonConsolidatedMember	前期	個別	期間	JPY	円	1611628000
jppfs_cor:ProfitLoss	当期純利益又は当期純損失（△）（平成26年3月28日財規等改正後）	CurrentYearDuration_NonConsolidatedMember_RetainedEarningsBroughtForwardMember	当期	個別	期間	JPY	円	1684743000
jppfs_cor:ProfitLoss	当期純利益又は当期純損失（△）（平成26年3月28日財規等改正後）	CurrentYearDuration_NonConsolidatedMember_RetainedEarningsMember	当期	個別	期間	JPY	円	1684743000
jppfs_cor:ProfitLoss	当期純利益又は当期純損失（△）（平成26年3月28日財規等改正後）	CurrentYearDuration_NonConsolidatedMember_ShareholdersEquityMember	当期	個別	期間	JPY	円	1684743000
jppfs_cor:ProfitLoss	当期純利益又は当期純損失（△）（平成26年3月28日財規等改正後）	CurrentYearDuration_NonConsolidatedMember	当期	個別	期間	JPY	円	1684743000
jpcrp_cor:InformationAboutEmployeesTextBlock	従業員の状況 [テキストブロック]	FilingDateInstant	提出日時点	その他	時点	－	－	 ５ 【従業員の状況】(1) 連結会社の状況2021年３月31日現在セグメントの名称従業員数(名)食品加工機械製造販売事業   日本643  北米・南米27  ヨーロッパ44  アジア4  小計718  食品製造販売事業   北米・南米229  日本58  小計287  全社（共通）51  合計1,056   (注) １　従業員数は就業人員を表示しております。２　全社(共通)として記載されている従業員数は、特定のセグメントに区分できない管理部門に所属しているものであります。 (2) 提出会社の状況2021年３月31日現在従業員数(名)平均年齢(歳)平均勤続年数(年)平均年間給与(円)68146.122.96,480,603  セグメントの名称従業員数(名)食品加工機械製造販売事業 日本630 全社（共通）51 合計681  (注) １　従業員数は就業人員を表示しております。２　平均年間給与は、正社員・嘱託社員・契約社員で算出しております。３　平均年間給与は、賞与及び基準外賃金を含んでおります。４　国内子会社および海外子会社への出向者は含まれておりません。５　全社(共通)は、管理部門の従業員数であります。６　台湾支店の現地社員（３名）は含まれておりません。 (3) 労働組合の状況当社の労働組合は、日本金属製造情報通信労働組合(JMITU)に加盟しており、JMITUレオン自動機支部と称し、宇都宮地区労働組合会議(協議団体)に所属しております。組合員は12名であります。当社以外のグループ各社について、労働組合は結成されておりません。なお、労使関係については特に記載すべき事項はありません。
jpcrp_cor:ResearchAndDevelopmentActivitiesTextBlock	研究開発活動 [テキストブロック]	FilingDateInstant	提出日時点	その他	時点	－	－	５ 【研究開発活動】当社の研究開発活動は、従来より市場開発型企業の特性を活かし、消費者の食品嗜好の多様化など市場ニーズに対応すべく、食品の基礎研究および食品加工技術開発の両面から日常的に研究開発を重ね、当該技術を市場に提供していることに加え、今後さらに環境に配慮した生産技術を開発すべく鋭意努力しております。当連結会計年度における研究開発費は、545百万円となっており、主な活動の状況は以下のとおりであります。　〔食品加工機械製造販売事業〕技術の標準化及び設計標準化を基軸とした設計業務改革、納期短縮、コスト削減をテーマに取り組み、機械性能とコストバランスを図った機種開発を行っております。食品成形機の火星人シリーズでは、納入先の国々に合わせた安全衛生規格、サニタリー性向上、異物混入対策、IoT化などのお客様のニーズに対応できるように用途拡大研究を進め、国内向けには、サイクロイド式の生地送り機構の搭載とコンベヤ部の刷新によって、高品質な製品の高速生産を可能とした「火星人 CN700型」を開発しました。欧米向けには、生産する製品によって生地の送り比率を細かく調整でき、コンパクトで小スペースでも設置可能な「火星人 KN050型」を開発しました。また、コロナ禍の中での内食需要増加に伴い、菓子パン、サンド成形菓子、食パンなどの生産自動化ニーズは増えており、この自動化ニーズに対応した開発を行いました。主なものとしては、菓子パン自動生産ラインの「FEライン」で、あんパンなどの包あん成形の他、クリームパンなどの二つ折り成形であるパーカー成形やメロンパン成形など、ひとつのラインで多品種生産するための各種オプション装置を充実させました。また、最中、サブレ、マカロンなどの様々なサンド成形菓子の生産を自動化した「マルチサンドライン」をリニューアルし、標準機（「マルチサンドシステム EP100型」）として登録しました。 〔食品製造販売事業〕当社グループでは、米国のオレンジベーカリーや、㈲ホシノ天然酵母パン種にて開発した新製品を市場で販売することを通じて、顧客ニーズの調査・研究を行い、より市場に求められる製品の開発と、それらを生産するための食品加工機械の開発に役立てています。オレンジベーカリーでは、食品業界の課題である人手不足や人件費高騰に対応するため、だれでも解凍なしですぐ焼ける「冷凍パン（ホイロ後冷凍パン）」の新製品開発と拡販を行うとともに、将来の「食品生産工場」無人化に向け、一部工程をロボット化した生産テストを行っております。㈲ホシノ天然酵母パン種では、植物由来のバラ酵母などの、新しい天然酵母パン種の研究、天然酵母パン種の活用方法を拡大するための応用化研究を日々行っております。 研究開発活動の成果として、当連結会計年度に新たに取得した特許件数は、国内８件、海外60件の計68件となり、当連結会計年度末日現在の総保有特許は、国内154件、海外368件の合計522件を有するに至っております。 
jpcrp_cor:OverviewOfCapitalExpendituresEtcTextBlock	設備投資等の概要 [テキストブロック]	FilingDateInstant	提出日時点	その他	時点	－	－	１ 【設備投資等の概要】当連結会計年度に実施しました設備投資の総額は、4,343百万円となりました。主なものは、当社の新社屋建設関連費用2,573百万円や、新基幹システム関連費用1,538百万円などであります。 当社において、東京営業所の移転に伴い、次の主要な設備を売却しております。その内容は以下のとおりであります。 会社名事業所名所在地設備の内容売却時期前期末帳簿価額(千円)提出会社 東京営業所東京都港区営業所2020年9月574,208  
jpcrp_cor:ChangesInNumberOfIssuedSharesStatedCapitalEtcTextBlock	発行済株式総数、資本金等の推移 [テキストブロック]	FilingDateInstant	提出日時点	その他	時点	－	－	(4) 【発行済株式総数、資本金等の推移】 年月日発行済株式総数増減数(千株)発行済株式総数残高(千株)資本金増減額(千円)資本金残高(千円)資本準備金増減額(千円)資本準備金残高(千円)2013年８月７日－28,392－7,351,750△500,0002,860,750 (注)　会社法第448条第１項の規定に基づき、資本準備金を減少し、その他資本剰余金に振替えたものであります。 
jpcrp_cor:MajorShareholdersTextBlock	大株主の状況 [テキストブロック]	FilingDateInstant	提出日時点	その他	時点	－	－	 (6) 【大株主の状況】2021年３月31日現在氏名又は名称住所所有株式数(千株)発行済株式(自己株式を除く。)の総数に対する所有株式数の割合(％)公益財団法人林レオロジー記念財団栃木県宇都宮市野沢町２－３3,03011.3ラム商事有限会社栃木県宇都宮市野沢町３－４1,7036.4日本マスタートラスト信託銀行株式会社（信託口）東京都港区浜松町２丁目１１－３1,6546.2レオン自動機取引先持株会栃木県宇都宮市野沢町２－３1,5595.8株式会社足利銀行栃木県宇都宮市桜４丁目１－２５1,2604.7SSBTC CLIENT OMNIBUS ACCOUNT（常任代理人　香港上海銀行東京支店）ONE LINCOLN STREET, BOSTON MA USA 02111（東京都中央区日本橋３丁目１１－１）1,1304.2レオン自動機従業員持株会栃木県宇都宮市野沢町２－３7562.8JP MORGAN CHASE BANK 38068425 BANK STREET, CANARY WHARF, LONDON, E14 5JP, UNITED KINGDOM6832.5株式会社栃木銀行栃木県宇都宮市西２丁目１－１８6802.5NORTHERN TRUST CO. (AVFC) SUB A/C USL NON-TREATY（常任代理人　香港上海銀行東京支店）50 BANK STREET CANARY WHARF LONDON E14 5NT, UK（東京都中央区日本橋３丁目１１－１）6412.4計―13,10148.9  (注)１　当社は、自己株式1,593,686株を保有しておりますが、上記大株主から除いております。２　2021年５月20日付で公衆の縦覧に供されている大量保有報告書（変更報告書）において、シュローダー・インベストメント・マネジメント株式会社及びその共同保有者であるシュローダー・インベストメント・マネージメント・リミテッドが2021年５月14日現在で以下の株式を所有している旨が記載されているものの、当社としては2021年３月31日時点における実質所有株式数の確認ができませんので、上記大株主の状況には含めておりません。なお、大量保有報告書（変更報告書）の内容は以下のとおりであります。氏名又は名称住所保有株券等の数（千株）株券等保有割合（％）シュローダー・インベストメント・マネジメント株式会社東京都千代田区丸の内１丁目８－３3011.06シュローダー・インベストメント・マネージメント・リミテッド英国　ＥＣ２Ｙ５ＡＵ　ロンドン　ロンドン・ウォール・プレイス１1,4435.08  
jpcrp_cor:NameMajorShareholders	氏名又は名称、大株主の状況	CurrentYearInstant_No1MajorShareholdersMember	当期末	その他	時点	－	－	公益財団法人林レオロジー記念財団
jpcrp_cor:AddressMajorShareholders	住所、大株主の状況	CurrentYearInstant_No1MajorShareholdersMember	当期末	その他	時点	－	－	栃木県宇都宮市野沢町２－３
jpcrp_cor:NameMajorShareholders	氏名又は名称、大株主の状況	CurrentYearInstant_No2MajorShareholdersMember	当期末	その他	時点	－	－	ラム商事有限会社
jpcrp_cor:AddressMajorShareholders	住所、大株主の状況	CurrentYearInstant_No2MajorShareholdersMember	当期末	その他	時点	－	－	栃木県宇都宮市野沢町３－４
jpcrp_cor:NameMajorShareholders	氏名又は名称、大株主の状況	CurrentYearInstant_No3MajorShareholdersMember	当期末	その他	時点	－	－	日本マスタートラスト信託銀行株式会社（信託口）
jpcrp_cor:AddressMajorShareholders	住所、大株主の状況	CurrentYearInstant_No3MajorShareholdersMember	当期末	その他	時点	－	－	東京都港区浜松町２丁目１１－３
jpcrp_cor:NameMajorShareholders	氏名又は名称、大株主の状況	CurrentYearInstant_No4MajorShareholdersMember	当期末	その他	時点	－	－	レオン自動機取引先持株会
jpcrp_cor:AddressMajorShareholders	住所、大株主の状況	CurrentYearInstant_No4MajorShareholdersMember	当期末	その他	時点	－	－	栃木県宇都宮市野沢町２－３
jpcrp_cor:NameMajorShareholders	氏名又は名称、大株主の状況	CurrentYearInstant_No5MajorShareholdersMember	当期末	その他	時点	－	－	株式会社足利銀行
jpcrp_cor:AddressMajorShareholders	住所、大株主の状況	CurrentYearInstant_No5MajorShareholdersMember	当期末	その他	時点	－	－	栃木県宇都宮市桜４丁目１－２５
jpcrp_cor:NameMajorShareholders	氏名又は名称、大株主の状況	CurrentYearInstant_No6MajorShareholdersMember	当期末	その他	時点	－	－	SSBTC CLIENT OMNIBUS ACCOUNT（常任代理人　香港上海銀行東京支店）
jpcrp_cor:AddressMajorShareholders	住所、大株主の状況	CurrentYearInstant_No6MajorShareholdersMember	当期末	その他	時点	－	－	ONE LINCOLN STREET, BOSTON MA USA 02111（東京都中央区日本橋３丁目１１－１）
jpcrp_cor:NameMajorShareholders	氏名又は名称、大株主の状況	CurrentYearInstant_No7MajorShareholdersMember	当期末	その他	時点	－	－	レオン自動機従業員持株会
jpcrp_cor:AddressMajorShareholders	住所、大株主の状況	CurrentYearInstant_No7MajorShareholdersMember	当期末	その他	時点	－	－	栃木県宇都宮市野沢町２－３
jpcrp_cor:NameMajorShareholders	氏名又は名称、大株主の状況	CurrentYearInstant_No8MajorShareholdersMember	当期末	その他	時点	－	－	JP MORGAN CHASE BANK 380684
jpcrp_cor:AddressMajorShareholders	住所、大株主の状況	CurrentYearInstant_No8MajorShareholdersMember	当期末	その他	時点	－	－	25 BANK STREET, CANARY WHARF, LONDON, E14 5JP, UNITED KINGDOM
jpcrp_cor:NameMajorShareholders	氏名又は名称、大株主の状況	CurrentYearInstant_No9MajorShareholdersMember	当期末	その他	時点	－	－	株式会社栃木銀行
jpcrp_cor:AddressMajorShareholders	住所、大株主の状況	CurrentYearInstant_No9MajorShareholdersMember	当期末	その他	時点	－	－	栃木県宇都宮市西２丁目１－１８
jpcrp_cor:NameMajorShareholders	氏名又は名称、大株主の状況	CurrentYearInstant_No10MajorShareholdersMember	当期末	その他	時点	－	－	NORTHERN TRUST CO. (AVFC) SUB A/C USL NON-TREATY（常任代理人　香港上海銀行東京支店）
jpcrp_cor:AddressMajorShareholders	住所、大株主の状況	CurrentYearInstant_No10MajorShareholdersMember	当期末	その他	時点	－	－	50 BANK STREET CANARY WHARF LONDON E14 5NT, UK（東京都中央区日本橋３丁目１１－１）
jpcrp_cor:ResearchAndDevelopmentExpensesIncludedInGeneralAndAdministrativeExpensesAndManufacturingCostForCurrentPeriodTextBlock	一般管理費及び当期製造費用に含まれる研究開発費 [テキストブロック]	CurrentYearDuration	当期	その他	期間	－	－	※２  一般管理費および当期製造費用に含まれる研究開発費の総額は、次のとおりであります。 前連結会計年度(自  2019年４月１日  至  2020年３月31日)当連結会計年度(自  2020年４月１日  至  2021年３月31日)　　一般管理費738,327千円545,190千円 
jpcrp_cor:NotesSegmentInformationEtcConsolidatedFinancialStatementsTextBlock	セグメント情報等、連結財務諸表 [テキストブロック]	CurrentYearDuration	当期	その他	期間	－	－	(セグメント情報等)【セグメント情報】１  報告セグメントの概要当社グループの報告セグメントは、当社グループの構成単位のうち分離された財務情報が入手可能であり、取締役会が、経営資源の配分の決定および業績を評価するために、定期的に検討を行う対象となっているものであります。当社グループは、主に食品加工機械を開発・製造・販売する食品加工機械製造販売事業とパン・菓子、天然酵母パン種の開発・製造・販売を行う食品製造販売事業を行っております。食品加工機械製造販売事業では、当社(日本、アジア)、レオンＵＳＡ(北米・南米)、レオンヨーロッパ(ヨーロッパ)が、各地域をそれぞれ担当しており、販売体制を基礎とした地域別の管理を行っております。また、㈱レオンアルミ(日本)は、アルミ鋳物部品の製造・販売を行っております。食品製造販売事業では、オレンジベーカリー(北米・南米)はパン・菓子の製造・販売、㈲ホシノ天然酵母パン種(日本)は天然酵母パン種の開発・製造・販売をそれぞれ行っており、事業別および地域別の管理を行っております。したがって当社は、食品加工機械製造販売事業では、「日本」「北米・南米」「ヨーロッパ」「アジア」、食品製造販売事業では、「北米・南米」「日本」を報告セグメントとしております。　２  報告セグメントごとの売上高、利益又は損失、資産、負債その他の項目の金額の算定方法報告されている事業セグメントの会計処理の方法は、「連結財務諸表作成のための基本となる重要な事項」における記載と同一であります。セグメント間の内部売上高および振替高は市場実勢価格に基づいております。 ３  報告セグメントごとの売上高、利益又は損失、資産、負債その他の項目の金額に関する情報前連結会計年度（自  2019年４月１日  至  2020年３月31日）（単位：千円） 食品加工機械製造販売事業日本北米・南米ヨーロッパアジア小計売上高       外部顧客への売上高10,858,3892,231,6893,322,1053,552,68619,964,870  セグメント間の内部売上高　又は振替高3,980,27574,428144－4,054,848計14,838,6642,306,1183,322,2503,552,68624,019,719セグメント利益2,705,45679,206270,9061,247,6574,303,227セグメント資産21,818,5401,853,8242,788,54046,54626,507,451セグメント負債4,881,766523,9131,106,455191,0706,703,205その他の項目       減価償却費326,41518,0319,495－353,942  支払利息6,820－－－6,820  特別損失136,677－－－136,677  (減損損失)(－)(－)(－)(－)(－)  有形固定資産及び  無形固定資産の増加額189,8252,71717,203－209,746    食品製造販売事業合計北米・南米日本小計売上高      外部顧客への売上高6,471,702460,3416,932,04326,896,914  セグメント間の内部売上高　又は振替高－47474,054,896計6,471,702460,3886,932,09130,951,810セグメント利益369,28264,629433,9124,737,139セグメント資産5,405,849902,0376,307,88732,815,338セグメント負債691,455352,8711,044,3277,747,532その他の項目      減価償却費400,04240,941440,983794,926  支払利息12,18219912,38219,202  特別損失－－－136,677  (減損損失)(－)(－)(－)(－)  有形固定資産及び  無形固定資産の増加額188,9107,046195,957405,703 (注) 各区分に属する主な国又は地域(1) 北米・南米………………アメリカ合衆国、カナダ、(2) ヨーロッパ………………ドイツ、スペイン、フランス、ロシア、イギリス(3) アジア……………………中国、韓国、台湾、オーストラリア、タイ、香港、フィリピン  当連結会計年度（自  2020年４月１日  至  2021年３月31日）（単位：千円） 食品加工機械製造販売事業日本北米・南米ヨーロッパアジア小計売上高       外部顧客への売上高9,033,0941,591,1303,176,3742,277,60516,078,204  セグメント間の内部売上高　又は振替高2,744,14670,939－－2,815,085計11,777,2401,662,0693,176,3742,277,60518,893,289セグメント利益1,949,06563,935317,868733,3853,064,255セグメント資産23,012,2002,084,2783,122,707142,59528,361,781セグメント負債4,953,356768,3381,163,242427,3277,312,266その他の項目       減価償却費84,02916,8159,846－110,691  支払利息10,744－－－10,744  特別損失336,427－－－336,427  (減損損失)(228,577)(－)(－)(－)(228,577)  有形固定資産及び  無形固定資産の増加額120,2833,6274,288－128,198    食品製造販売事業合計北米・南米日本小計売上高      外部顧客への売上高5,741,645461,0966,202,74122,280,945  セグメント間の内部売上高　又は振替高－70702,815,156計5,741,645461,1676,202,81225,096,101セグメント利益103,65779,837183,4943,247,750セグメント資産5,569,880822,6016,392,48234,754,263セグメント負債807,604311,9761,119,5808,431,847その他の項目      減価償却費372,44738,983411,431522,122  支払利息5,7661675,93416,678  特別損失－－－336,427  (減損損失)(－)(－)(－)(228,577)  有形固定資産及び  無形固定資産の増加額123,80710,628134,436262,635 (注) 各区分に属する主な国又は地域(1) 北米・南米………………アメリカ合衆国(2) ヨーロッパ………………ドイツ、スペイン、フランス、ロシア、オマーン(3) アジア……………………中国、韓国、台湾  ４  報告セグメント合計額と連結財務諸表計上額との差額及び当該差額の主な内容（差異調整に関する事項）（単位：千円）売上高前連結会計年度当連結会計年度報告セグメント計30,951,81025,096,101セグメント間取引消去△4,054,896△2,815,156連結財務諸表の売上高26,896,91422,280,945  （単位：千円）利益前連結会計年度当連結会計年度報告セグメント計4,737,1393,247,750セグメント間取引消去△76,47986,996本社一般管理費△1,773,112△1,930,656連結財務諸表の営業利益2,887,5481,404,090 （注）本社一般管理費は、当社の管理部門に係る費用であります。 （単位：千円）資産前連結会計年度当連結会計年度報告セグメント計32,815,33834,754,263セグメント間取引消去△5,099,383△5,142,003全社資産3,911,5634,512,569連結財務諸表の資産合計31,627,51834,124,830 （注）全社資産は、当社の管理部門に係る資産であります。 （単位：千円）負債前連結会計年度当連結会計年度報告セグメント計7,747,5328,431,847セグメント間取引消去△938,012△939,609連結財務諸表の負債合計6,809,5197,492,237  （単位：千円）その他の項目報告セグメント計調整額連結財務諸表計上額前連結会計年度当連結会計年度前連結会計年度当連結会計年度前連結会計年度当連結会計年度減価償却費794,926522,122225,427590,1501,020,3541,112,272支払利息19,20216,678△2,636△62816,56616,050特別損失136,677336,427－－136,677336,427（減損損失）(－)(228,577)(－)(－)(－)(228,577)有形固定資産及び無形固定資産の増加額405,703262,635251,7114,080,982657,4144,343,617 （注）有形固定資産及び無形固定資産の増加額の調整額は、当社の管理部門に係る設備投資額であります。 ５  報告セグメントの変更に関する事項会計方針の変更に記載の通り、当連結会計年度の期首から収益認識会計基準等を適用し、収益認識に関する会計処理方法を変更したため、事業セグメントの利益または損失の測定方法を同様に変更しております。当該変更により従来の方法に比べて、当連結会計年度の食品加工機械製造販売事業における「日本」の売上高が176,927千円増加、セグメント利益が92,495千円増加し、同事業における「北米・南米」の売上高が8,209千円増加、セグメント利益が7,782千円増加しております。 【関連情報】前連結会計年度（自  2019年４月１日  至  2020年３月31日）１  製品及びサービスごとの情報（単位：千円） 食品加工機械製造販売事業食品製造販売事業合計外部顧客への売上高19,964,8706,932,04326,896,914  ２  地域ごとの情報(1) 売上高（単位：千円）日本北米・南米ヨーロッパアジア・オセアニア合計11,318,7308,703,3923,322,1053,552,68626,896,914 (注) 売上高は顧客の所在地を基礎とし、国又は地域に分類しております。なお、北米・南米セグメントには米国 8,435,535千円が含まれております。 (2) 有形固定資産（単位：千円）日本北米・南米ヨーロッパアジア・オセアニア合計9,443,9644,206,369140,010－13,790,345 (注) 北米・南米セグメントは全額米国であります。 ３  主要な顧客ごとの情報外部顧客への売上高のうち、連結損益計算書の売上高の10％以上を占める相手先がないため、記載はありません。 当連結会計年度（自  2020年４月１日  至  2021年３月31日）１  製品及びサービスごとの情報（単位：千円） 食品加工機械製造販売事業食品製造販売事業合計外部顧客への売上高16,078,2046,202,74122,280,945  ２  地域ごとの情報(1) 売上高（単位：千円）日本北米・南米ヨーロッパアジア・オセアニア合計9,494,1917,332,7753,176,3742,277,60522,280,945 (注) 売上高は顧客の所在地を基礎とし、国又は地域に分類しております。なお、北米・南米セグメントには米国7,121,090千円が含まれております。 (2) 有形固定資産（単位：千円）日本北米・南米ヨーロッパアジア・オセアニア合計9,009,4214,004,151146,021－13,159,594 (注) 北米・南米セグメントは全額米国であります。 ３  主要な顧客ごとの情報外部顧客への売上高のうち、連結損益計算書の売上高の10％以上を占める相手先がないため、記載はありません。  【報告セグメントごとの固定資産の減損損失に関する情報】前連結会計年度（自  2019年４月１日  至  2020年３月31日）該当事項はありません。 当連結会計年度（自  2020年４月１日  至  2021年３月31日）（単位：千円） 食品加工機械製造販売事業日本北米・南米ヨーロッパアジア小計減損損失228,577－－－228,577   食品製造販売事業合計調整額連結財務諸表計上額北米・南米日本小計減損損失－－－228,577－228,577  【報告セグメントごとののれんの償却額及び未償却残高に関する情報】　該当事項はありません。 【報告セグメントごとの負ののれん発生益に関する情報】　該当事項はありません。 
jpcrp_cor:DescriptionOfReportableSegmentsTextBlock	報告セグメントの概要 [テキストブロック]	CurrentYearDuration	当期	その他	期間	－	－	１  報告セグメントの概要当社グループの報告セグメントは、当社グループの構成単位のうち分離された財務情報が入手可能であり、取締役会が、経営資源の配分の決定および業績を評価するために、定期的に検討を行う対象となっているものであります。当社グループは、主に食品加工機械を開発・製造・販売する食品加工機械製造販売事業とパン・菓子、天然酵母パン種の開発・製造・販売を行う食品製造販売事業を行っております。食品加工機械製造販売事業では、当社(日本、アジア)、レオンＵＳＡ(北米・南米)、レオンヨーロッパ(ヨーロッパ)が、各地域をそれぞれ担当しており、販売体制を基礎とした地域別の管理を行っております。また、㈱レオンアルミ(日本)は、アルミ鋳物部品の製造・販売を行っております。食品製造販売事業では、オレンジベーカリー(北米・南米)はパン・菓子の製造・販売、㈲ホシノ天然酵母パン種(日本)は天然酵母パン種の開発・製造・販売をそれぞれ行っており、事業別および地域別の管理を行っております。したがって当社は、食品加工機械製造販売事業では、「日本」「北米・南米」「ヨーロッパ」「アジア」、食品製造販売事業では、「北米・南米」「日本」を報告セグメントとしております。　
jpcrp_cor:ExplanationOfMeasurementsOfSalesProfitLossAssetLiabilityAndOtherItemsForEachReportableSegmentTextBlock	報告セグメントごとの売上高、利益又は損失、資産、負債その他の項目の金額の算定方法 [テキストブロック]	CurrentYearDuration	当期	その他	期間	－	－	２  報告セグメントごとの売上高、利益又は損失、資産、負債その他の項目の金額の算定方法報告されている事業セグメントの会計処理の方法は、「連結財務諸表作成のための基本となる重要な事項」における記載と同一であります。セグメント間の内部売上高および振替高は市場実勢価格に基づいております。 
jpcrp_cor:FootnotesRegardingSegmentInformationTableTextBlock	セグメント表の脚注 [テキストブロック]	Prior1YearDuration	前期	その他	期間	－	－	(注) 各区分に属する主な国又は地域(1) 北米・南米………………アメリカ合衆国、カナダ、(2) ヨーロッパ………………ドイツ、スペイン、フランス、ロシア、イギリス(3) アジア……………………中国、韓国、台湾、オーストラリア、タイ、香港、フィリピン 
jpcrp_cor:FootnotesRegardingSegmentInformationTableTextBlock	セグメント表の脚注 [テキストブロック]	CurrentYearDuration	当期	その他	期間	－	－	(注) 各区分に属する主な国又は地域(1) 北米・南米………………アメリカ合衆国(2) ヨーロッパ………………ドイツ、スペイン、フランス、ロシア、オマーン(3) アジア……………………中国、韓国、台湾 
jpcrp_cor:DescriptionOfNatureAndAmountsOfDifferencesBetweenReportableSegmentsTotalAndFinancialStatementsTextBlock	報告セグメント合計額と財務諸表計上額との差額及び当該差額の主な内容（差異調整に関する事項） [テキストブロック]	CurrentYearDuration	当期	その他	期間	－	－	 ４  報告セグメント合計額と連結財務諸表計上額との差額及び当該差額の主な内容（差異調整に関する事項）（単位：千円）売上高前連結会計年度当連結会計年度報告セグメント計30,951,81025,096,101セグメント間取引消去△4,054,896△2,815,156連結財務諸表の売上高26,896,91422,280,945  （単位：千円）利益前連結会計年度当連結会計年度報告セグメント計4,737,1393,247,750セグメント間取引消去△76,47986,996本社一般管理費△1,773,112△1,930,656連結財務諸表の営業利益2,887,5481,404,090 （注）本社一般管理費は、当社の管理部門に係る費用であります。 （単位：千円）資産前連結会計年度当連結会計年度報告セグメント計32,815,33834,754,263セグメント間取引消去△5,099,383△5,142,003全社資産3,911,5634,512,569連結財務諸表の資産合計31,627,51834,124,830 （注）全社資産は、当社の管理部門に係る資産であります。 （単位：千円）負債前連結会計年度当連結会計年度報告セグメント計7,747,5328,431,847セグメント間取引消去△938,012△939,609連結財務諸表の負債合計6,809,5197,492,237  （単位：千円）その他の項目報告セグメント計調整額連結財務諸表計上額前連結会計年度当連結会計年度前連結会計年度当連結会計年度前連結会計年度当連結会計年度減価償却費794,926522,122225,427590,1501,020,3541,112,272支払利息19,20216,678△2,636△62816,56616,050特別損失136,677336,427－－136,677336,427（減損損失）(－)(228,577)(－)(－)(－)(228,577)有形固定資産及び無形固定資産の増加額405,703262,635251,7114,080,982657,4144,343,617 （注）有形固定資産及び無形固定資産の増加額の調整額は、当社の管理部門に係る設備投資額であります。 ５  報告セグメントの変更に関する事項会計方針の変更に記載の通り、当連結会計年度の期首から収益認識会計基準等を適用し、収益認識に関する会計処理方法を変更したため、事業セグメントの利益または損失の測定方法を同様に変更しております。当該変更により従来の方法に比べて、当連結会計年度の食品加工機械製造販売事業における「日本」の売上高が176,927千円増加、セグメント利益が92,495千円増加し、同事業における「北米・南米」の売上高が8,209千円増加、セグメント利益が7,782千円増加しております。 
jpcrp_cor:RevenuesFromExternalCustomersInformationForEachRegionTextBlock	売上高、地域ごとの情報 [テキストブロック]	Prior1YearDuration	前期	その他	期間	－	－	(1) 売上高（単位：千円）日本北米・南米ヨーロッパアジア・オセアニア合計11,318,7308,703,3923,322,1053,552,68626,896,914 (注) 売上高は顧客の所在地を基礎とし、国又は地域に分類しております。なお、北米・南米セグメントには米国 8,435,535千円が含まれております。 
jpcrp_cor:PropertyPlantAndEquipmentInformationForEachRegionTextBlock	有形固定資産、地域ごとの情報 [テキストブロック]	Prior1YearDuration	前期	その他	期間	－	－	(2) 有形固定資産（単位：千円）日本北米・南米ヨーロッパアジア・オセアニア合計9,443,9644,206,369140,010－13,790,345 (注) 北米・南米セグメントは全額米国であります。 
jpcrp_cor:InformationForEachOfMainCustomersTextBlock	主要な顧客ごとの情報 [テキストブロック]	Prior1YearDuration	前期	その他	期間	－	－	３  主要な顧客ごとの情報外部顧客への売上高のうち、連結損益計算書の売上高の10％以上を占める相手先がないため、記載はありません。 
jpcrp_cor:RevenuesFromExternalCustomersInformationForEachRegionTextBlock	売上高、地域ごとの情報 [テキストブロック]	CurrentYearDuration	当期	その他	期間	－	－	(1) 売上高（単位：千円）日本北米・南米ヨーロッパアジア・オセアニア合計9,494,1917,332,7753,176,3742,277,60522,280,945 (注) 売上高は顧客の所在地を基礎とし、国又は地域に分類しております。なお、北米・南米セグメントには米国7,121,090千円が含まれております。 
jpcrp_cor:PropertyPlantAndEquipmentInformationForEachRegionTextBlock	有形固定資産、地域ごとの情報 [テキストブロック]	CurrentYearDuration	当期	その他	期間	－	－	(2) 有形固定資産（単位：千円）日本北米・南米ヨーロッパアジア・オセアニア合計9,009,4214,004,151146,021－13,159,594 (注) 北米・南米セグメントは全額米国であります。
jpcrp_cor:InformationForEachOfMainCustomersTextBlock	主要な顧客ごとの情報 [テキストブロック]	CurrentYearDuration	当期	その他	期間	－	－	 ３  主要な顧客ごとの情報外部顧客への売上高のうち、連結損益計算書の売上高の10％以上を占める相手先がないため、記載はありません。 
jpcrp_cor:DescriptionOfFactorsWhichLedToRecognitionOfGainOnBargainPurchaseTextBlock	報告セグメントごとの負ののれん発生益を認識する要因となった事象の概要 [テキストブロック]	CurrentYearDuration	当期	その他	期間	－	－	【報告セグメントごとの負ののれん発生益に関する情報】　該当事項はありません。 
jpcrp_cor:AnnexedDetailedScheduleOfPropertyPlantAndEquipmentEtcTextBlock	有形固定資産等明細表 [テキストブロック]	CurrentYearDuration	当期	その他	期間	－	－	【有形固定資産等明細表】 資産の種類当期首残高(千円)当期増加額(千円)当期減少額(千円)当期末残高(千円)当期末減価償却累計額又は償却累計額(千円)当期償却額(千円)差引当期末残高(千円)有形固定資産       　建物7,790,6632,502,5711,308,3718,984,8634,646,920208,9424,337,942　構築物560,954－42,393518,561435,96112,00282,599　機械及び装置3,235,68262,00489,7893,207,8972,600,910143,667606,987　車両運搬具155,397－－155,397145,5037,5209,894　工具、器具及び備品1,602,74994,867194,8381,502,7781,385,012116,262117,766　土地3,929,887－639,791(228,577)3,290,095－－3,290,095　リース資産43,332－－43,33240,8396,0332,492　建設仮勘定1,734,880810,4152,541,5443,751－－3,751有形固定資産計19,053,5463,469,8584,816,728(228,577)17,706,6769,255,147494,4298,451,528無形固定資産       　ソフトウエア558,8801,538,409－2,097,289677,248213,4831,420,040　ソフトウエア仮勘定1,358,155300,6581,658,814－－－－　その他7,555－－7,555450807,104無形固定資産計1,924,5911,839,0671,658,8142,104,844677,699213,5641,427,145長期前払費用67,5102,270－69,78058,9175,01010,862 　（注）１ 当期増加額の主なものは次のとおりであります。建物（事務所）          　　　　　　1,838,544千円ソフトウエア（基幹システム等）　　　1,538,409千円建物（電気設備）　　　　　　　　　　　296,155千円建物（冷暖房設備）　　　　　　　　　　189,388千円建物（給排水設備）　　　　　　　　　　130,489千円 ２ 当期減少額の主なものは次のとおりであります。土地（事務所用地）　　　　　　　　　　409,935千円建物（事務所）　　　　　　　　　　　　760,659千円 ３ 当期減少額のうち（ ）は内数で減損損失の金額であります。 
